sv_type	pair	ref_chr	ref_pos	qry_chr	qry_pos	size	confidence	block_count	description
DEL	0	chr1	12760967	HiC_scaffold_3	210260500	1345106	0.8035	2	DEL: chr1â†’HiC_scaffold_3, gap size 1,345,106bp at 12,760,967
DEL	0	chr1	20002580	HiC_scaffold_3	203113366	3427514	1.0	2	DEL: chr1â†’HiC_scaffold_3, gap size 3,427,514bp at 20,002,580
INS	0	chr1	23730253	HiC_scaffold_3	199569496	1969569	0.9909	2	INS: chr1â†’HiC_scaffold_3, gap size 1,969,569bp at 23,730,253
INS	0	chr1	35715695	HiC_scaffold_3	187465280	1565187	0.8696	2	INS: chr1â†’HiC_scaffold_3, gap size 1,565,187bp at 35,715,695
DEL	0	chr1	49594341	HiC_scaffold_3	173517768	1526674	0.858	2	DEL: chr1â†’HiC_scaffold_3, gap size 1,526,674bp at 49,594,341
DEL	0	chr1	69988716	HiC_scaffold_3	153102403	1089888	0.727	2	DEL: chr1â†’HiC_scaffold_3, gap size 1,089,888bp at 69,988,716
DEL	0	chr1	79592415	HiC_scaffold_3	143352037	1673714	0.9021	2	DEL: chr1â†’HiC_scaffold_3, gap size 1,673,714bp at 79,592,415
INS	0	chr1	96321342	HiC_scaffold_3	126490769	2081131	1.0	2	INS: chr1â†’HiC_scaffold_3, gap size 2,081,131bp at 96,321,342
INS	0	chr1	99250041	HiC_scaffold_3	123575557	1631120	0.8893	2	INS: chr1â†’HiC_scaffold_3, gap size 1,631,120bp at 99,250,041
DEL	0	chr1	144947526	HiC_scaffold_3	77356344	1315208	0.7946	2	DEL: chr1â†’HiC_scaffold_3, gap size 1,315,208bp at 144,947,526
DEL	0	chr1	152692814	HiC_scaffold_3	69714435	1038011	0.7114	2	DEL: chr1â†’HiC_scaffold_3, gap size 1,038,011bp at 152,692,814
INS	0	chr1	155410301	HiC_scaffold_3	66976576	6400771	1.0	2	INS: chr1â†’HiC_scaffold_3, gap size 6,400,771bp at 155,410,301
INS	0	chr1	162043406	HiC_scaffold_3	58268775	1006692	0.702	2	INS: chr1â†’HiC_scaffold_3, gap size 1,006,692bp at 162,043,406
INS	0	chr1	163830431	HiC_scaffold_3	56482939	1474835	0.8425	2	INS: chr1â†’HiC_scaffold_3, gap size 1,474,835bp at 163,830,431
INS	0	chr1	192433996	HiC_scaffold_3	27633926	1144163	0.7432	2	INS: chr1â†’HiC_scaffold_3, gap size 1,144,163bp at 192,433,996
DEL	0	chr1	199906716	HiC_scaffold_3	20150016	1207632	0.7623	2	DEL: chr1â†’HiC_scaffold_3, gap size 1,207,632bp at 199,906,716
INS	0	chr1	201128622	HiC_scaffold_3	18940342	1216302	0.7649	2	INS: chr1â†’HiC_scaffold_3, gap size 1,216,302bp at 201,128,622
INS	0	chr1	202358377	HiC_scaffold_3	17709641	1402260	0.8207	2	INS: chr1â†’HiC_scaffold_3, gap size 1,402,260bp at 202,358,377
INS	0	chr1	205003867	HiC_scaffold_3	15061480	1575284	0.8726	2	INS: chr1â†’HiC_scaffold_3, gap size 1,575,284bp at 205,003,867
INS	0	chr1	206540535	HiC_scaffold_3	13425802	1878726	0.9636	2	INS: chr1â†’HiC_scaffold_3, gap size 1,878,726bp at 206,540,535
INS	0	chr1	208988137	HiC_scaffold_3	10910669	1443580	0.8331	2	INS: chr1â†’HiC_scaffold_3, gap size 1,443,580bp at 208,988,137
DEL	0	chr1	210613324	HiC_scaffold_3	9269477	1815788	0.9447	2	DEL: chr1â†’HiC_scaffold_3, gap size 1,815,788bp at 210,613,324
INS	0	chr1	212667102	HiC_scaffold_3	7128428	1222244	0.7667	2	INS: chr1â†’HiC_scaffold_3, gap size 1,222,244bp at 212,667,102
INS	0	chr2	4795282	HiC_scaffold_1	4916398	2959480	1.0	2	INS: chr2â†’HiC_scaffold_1, gap size 2,959,480bp at 4,795,282
INS	0	chr2	14485122	HiC_scaffold_1	14664959	3038885	1.0	2	INS: chr2â†’HiC_scaffold_1, gap size 3,038,885bp at 14,485,122
INS	0	chr2	17479101	HiC_scaffold_1	17720667	2410061	1.0	2	INS: chr2â†’HiC_scaffold_1, gap size 2,410,061bp at 17,479,101
INS	0	chr2	20950464	HiC_scaffold_1	21232323	2850688	1.0	2	INS: chr2â†’HiC_scaffold_1, gap size 2,850,688bp at 20,950,464
INS	0	chr2	26642188	HiC_scaffold_1	26953234	1100349	0.7301	2	INS: chr2â†’HiC_scaffold_1, gap size 1,100,349bp at 26,642,188
INS	0	chr2	33329222	HiC_scaffold_1	33675400	1330516	0.7992	2	INS: chr2â†’HiC_scaffold_1, gap size 1,330,516bp at 33,329,222
INS	0	chr2	40097902	HiC_scaffold_1	40461873	1787456	0.9362	2	INS: chr2â†’HiC_scaffold_1, gap size 1,787,456bp at 40,097,902
DEL	0	chr2	46802008	HiC_scaffold_1	47247024	1256768	0.777	2	DEL: chr2â†’HiC_scaffold_1, gap size 1,256,768bp at 46,802,008
INS	0	chr2	62322236	HiC_scaffold_1	62839160	1286049	0.7858	2	INS: chr2â†’HiC_scaffold_1, gap size 1,286,049bp at 62,322,236
INS	0	chr2	74358096	HiC_scaffold_1	74826734	1146812	0.744	2	INS: chr2â†’HiC_scaffold_1, gap size 1,146,812bp at 74,358,096
INS	0	chr2	93294670	HiC_scaffold_1	93873040	1318361	0.7955	2	INS: chr2â†’HiC_scaffold_1, gap size 1,318,361bp at 93,294,670
INS	0	chr2	99746259	HiC_scaffold_1	100473652	1343110	0.8029	2	INS: chr2â†’HiC_scaffold_1, gap size 1,343,110bp at 99,746,259
DEL	0	chr2	107700766	HiC_scaffold_1	108419868	1176440	0.7529	2	DEL: chr2â†’HiC_scaffold_1, gap size 1,176,440bp at 107,700,766
INS	0	chr2	115327870	HiC_scaffold_1	116146395	1002083	0.7006	2	INS: chr2â†’HiC_scaffold_1, gap size 1,002,083bp at 115,327,870
INS	0	chr2	123807493	HiC_scaffold_1	124783339	2904987	1.0	2	INS: chr2â†’HiC_scaffold_1, gap size 2,904,987bp at 123,807,493
INS	0	chr2	137895655	HiC_scaffold_1	138904659	1036151	0.7108	2	INS: chr2â†’HiC_scaffold_1, gap size 1,036,151bp at 137,895,655
DEL	0	chr2	138949970	HiC_scaffold_1	139961500	3354692	1.0	2	DEL: chr2â†’HiC_scaffold_1, gap size 3,354,692bp at 138,949,970
INS	0	chr2	142383382	HiC_scaffold_1	143379712	4659295	1.0	2	INS: chr2â†’HiC_scaffold_1, gap size 4,659,295bp at 142,383,382
INS	0	chr2	156269554	HiC_scaffold_6	111764462	2635495	1.0	2	INS: chr2â†’HiC_scaffold_6, gap size 2,635,495bp at 156,269,554
INS	0	chr2	160280738	HiC_scaffold_6	115991876	4536928	1.0	2	INS: chr2â†’HiC_scaffold_6, gap size 4,536,928bp at 160,280,738
DEL	0	chr2	164741721	HiC_scaffold_6	120543483	1402792	0.8208	2	DEL: chr2â†’HiC_scaffold_6, gap size 1,402,792bp at 164,741,721
INS	0	chr2	166361332	HiC_scaffold_6	122130211	2040936	1.0	2	INS: chr2â†’HiC_scaffold_6, gap size 2,040,936bp at 166,361,332
DEL	0	chr2	170745723	HiC_scaffold_6	126495278	2017888	1.0	2	DEL: chr2â†’HiC_scaffold_6, gap size 2,017,888bp at 170,745,723
DEL	0	chr2	178449732	HiC_scaffold_6	134093596	1094813	0.7284	2	DEL: chr2â†’HiC_scaffold_6, gap size 1,094,813bp at 178,449,732
INS	0	chr2	181773359	HiC_scaffold_6	137444461	1262168	0.7787	2	INS: chr2â†’HiC_scaffold_6, gap size 1,262,168bp at 181,773,359
INS	0	chr2	184097062	HiC_scaffold_6	139842536	1124204	0.7373	2	INS: chr2â†’HiC_scaffold_6, gap size 1,124,204bp at 184,097,062
INS	0	chr2	185423156	HiC_scaffold_6	141321786	1505065	0.8515	2	INS: chr2â†’HiC_scaffold_6, gap size 1,505,065bp at 185,423,156
INS	0	chr2	188263575	HiC_scaffold_6	144176950	1414099	0.8242	2	INS: chr2â†’HiC_scaffold_6, gap size 1,414,099bp at 188,263,575
INS	0	chr2	192361241	HiC_scaffold_6	148490243	4037757	1.0	2	INS: chr2â†’HiC_scaffold_6, gap size 4,037,757bp at 192,361,241
INS	0	chr2	196139829	HiC_scaffold_6	152975450	1053341	0.716	2	INS: chr2â†’HiC_scaffold_6, gap size 1,053,341bp at 196,139,829
INS	0	chr2	198066357	HiC_scaffold_6	154994824	1235849	0.7708	2	INS: chr2â†’HiC_scaffold_6, gap size 1,235,849bp at 198,066,357
INS	0	chr2	204089260	HiC_scaffold_6	161175523	5866152	1.0	2	INS: chr2â†’HiC_scaffold_6, gap size 5,866,152bp at 204,089,260
INS	0	chr3	5883971	HiC_scaffold_2	235912340	1171289	0.7514	2	INS: chr3â†’HiC_scaffold_2, gap size 1,171,289bp at 5,883,971
INS	0	chr3	22553598	HiC_scaffold_2	219214761	2438956	1.0	2	INS: chr3â†’HiC_scaffold_2, gap size 2,438,956bp at 22,553,598
DEL	0	chr3	25465770	HiC_scaffold_2	216299123	4044111	1.0	2	DEL: chr3â†’HiC_scaffold_2, gap size 4,044,111bp at 25,465,770
DEL	0	chr3	30798878	HiC_scaffold_2	211060403	1136605	0.741	2	DEL: chr3â†’HiC_scaffold_2, gap size 1,136,605bp at 30,798,878
INS	0	chr3	32237406	HiC_scaffold_2	209669815	1014525	0.7044	2	INS: chr3â†’HiC_scaffold_2, gap size 1,014,525bp at 32,237,406
INS	0	chr3	39789475	HiC_scaffold_2	202132052	1241294	0.7724	2	INS: chr3â†’HiC_scaffold_2, gap size 1,241,294bp at 39,789,475
DEL	0	chr3	44220614	HiC_scaffold_2	197651535	1134095	0.7402	2	DEL: chr3â†’HiC_scaffold_2, gap size 1,134,095bp at 44,220,614
DEL	0	chr3	46596956	HiC_scaffold_2	195254341	1110992	0.7333	2	DEL: chr3â†’HiC_scaffold_2, gap size 1,110,992bp at 46,596,956
DEL	0	chr3	49772776	HiC_scaffold_2	192143288	2695678	1.0	2	DEL: chr3â†’HiC_scaffold_2, gap size 2,695,678bp at 49,772,776
DEL	0	chr3	52739843	HiC_scaffold_2	189199257	1020857	0.7063	2	DEL: chr3â†’HiC_scaffold_2, gap size 1,020,857bp at 52,739,843
INS	0	chr3	54716465	HiC_scaffold_2	187227580	1107675	0.7323	2	INS: chr3â†’HiC_scaffold_2, gap size 1,107,675bp at 54,716,465
INS	0	chr3	69982491	HiC_scaffold_2	171891021	1105947	0.7318	2	INS: chr3â†’HiC_scaffold_2, gap size 1,105,947bp at 69,982,491
DEL	0	chr3	71345174	HiC_scaffold_2	170518379	1078980	0.7237	2	DEL: chr3â†’HiC_scaffold_2, gap size 1,078,980bp at 71,345,174
INS	0	chr3	94487288	HiC_scaffold_2	147310939	2609887	1.0	2	INS: chr3â†’HiC_scaffold_2, gap size 2,609,887bp at 94,487,288
DEL	0	chr3	98494550	HiC_scaffold_2	143255599	1397574	0.8193	2	DEL: chr3â†’HiC_scaffold_2, gap size 1,397,574bp at 98,494,550
INS	0	chr3	102817954	HiC_scaffold_2	139183839	1294245	0.7883	2	INS: chr3â†’HiC_scaffold_2, gap size 1,294,245bp at 102,817,954
DEL	0	chr3	108104853	HiC_scaffold_2	133897707	2969951	1.0	2	DEL: chr3â†’HiC_scaffold_2, gap size 2,969,951bp at 108,104,853
INS	0	chr3	111089493	HiC_scaffold_2	130931343	3222467	1.0	2	INS: chr3â†’HiC_scaffold_2, gap size 3,222,467bp at 111,089,493
INS	0	chr3	125893116	HiC_scaffold_2	116031521	1658309	0.8975	2	INS: chr3â†’HiC_scaffold_2, gap size 1,658,309bp at 125,893,116
DEL	0	chr3	129900650	HiC_scaffold_2	111967335	1097233	0.7292	2	DEL: chr3â†’HiC_scaffold_2, gap size 1,097,233bp at 129,900,650
INS	0	chr3	134607448	HiC_scaffold_2	107203370	2376845	1.0	2	INS: chr3â†’HiC_scaffold_2, gap size 2,376,845bp at 134,607,448
INS	0	chr3	138469774	HiC_scaffold_2	103278992	1026624	0.708	2	INS: chr3â†’HiC_scaffold_2, gap size 1,026,624bp at 138,469,774
INS	0	chr3	144758101	HiC_scaffold_2	96861786	1685872	0.9058	2	INS: chr3â†’HiC_scaffold_2, gap size 1,685,872bp at 144,758,101
INS	0	chr3	148888876	HiC_scaffold_2	92724894	1302662	0.7908	2	INS: chr3â†’HiC_scaffold_2, gap size 1,302,662bp at 148,888,876
INS	0	chr3	156969048	HiC_scaffold_2	84644937	1051923	0.7156	2	INS: chr3â†’HiC_scaffold_2, gap size 1,051,923bp at 156,969,048
INS	0	chr3	160590646	HiC_scaffold_2	80917216	19942758	1.0	2	INS: chr3â†’HiC_scaffold_2, gap size 19,942,758bp at 160,590,646
INS	0	chr3	164367863	HiC_scaffold_2	69611911	8721247	1.0	2	INS: chr3â†’HiC_scaffold_2, gap size 8,721,247bp at 164,367,863
INS	0	chr3	164955213	HiC_scaffold_2	69044502	9096263	1.0	2	INS: chr3â†’HiC_scaffold_2, gap size 9,096,263bp at 164,955,213
INS	0	chr3	166400486	HiC_scaffold_2	67605311	8735682	1.0	2	INS: chr3â†’HiC_scaffold_2, gap size 8,735,682bp at 166,400,486
INS	0	chr3	167061430	HiC_scaffold_2	66928080	8891305	1.0	2	INS: chr3â†’HiC_scaffold_2, gap size 8,891,305bp at 167,061,430
INS	0	chr3	167704738	HiC_scaffold_2	66274590	8733751	1.0	2	INS: chr3â†’HiC_scaffold_2, gap size 8,733,751bp at 167,704,738
INS	0	chr3	168206812	HiC_scaffold_2	65767371	9845739	1.0	2	INS: chr3â†’HiC_scaffold_2, gap size 9,845,739bp at 168,206,812
INS	0	chr3	169362142	HiC_scaffold_2	64566930	8842266	1.0	2	INS: chr3â†’HiC_scaffold_2, gap size 8,842,266bp at 169,362,142
INS	0	chr3	173470125	HiC_scaffold_2	51810236	1228657	0.7686	2	INS: chr3â†’HiC_scaffold_2, gap size 1,228,657bp at 173,470,125
DEL	0	chr3	181177152	HiC_scaffold_2	44109691	1775018	0.9325	2	DEL: chr3â†’HiC_scaffold_2, gap size 1,775,018bp at 181,177,152
INS	0	chr3	185333676	HiC_scaffold_2	40024949	1817741	0.9453	2	INS: chr3â†’HiC_scaffold_2, gap size 1,817,741bp at 185,333,676
DEL	0	chr3	190134281	HiC_scaffold_2	35219194	7646074	1.0	2	DEL: chr3â†’HiC_scaffold_2, gap size 7,646,074bp at 190,134,281
INS	0	chr4	3316591	HiC_scaffold_4	191886184	1501594	0.8505	2	INS: chr4â†’HiC_scaffold_4, gap size 1,501,594bp at 3,316,591
DEL	0	chr4	11429763	HiC_scaffold_4	183668412	1886634	0.966	2	DEL: chr4â†’HiC_scaffold_4, gap size 1,886,634bp at 11,429,763
INS	0	chr4	14577452	HiC_scaffold_4	180504693	1360604	0.8082	2	INS: chr4â†’HiC_scaffold_4, gap size 1,360,604bp at 14,577,452
INS	0	chr4	19462391	HiC_scaffold_4	175647629	1391269	0.8174	2	INS: chr4â†’HiC_scaffold_4, gap size 1,391,269bp at 19,462,391
INS	0	chr4	21812987	HiC_scaffold_4	173293132	3137095	1.0	2	INS: chr4â†’HiC_scaffold_4, gap size 3,137,095bp at 21,812,987
INS	0	chr4	24898519	HiC_scaffold_4	170139993	1054367	0.7163	2	INS: chr4â†’HiC_scaffold_4, gap size 1,054,367bp at 24,898,519
DEL	0	chr4	35225345	HiC_scaffold_4	159632588	1041600	0.7125	2	DEL: chr4â†’HiC_scaffold_4, gap size 1,041,600bp at 35,225,345
INS	0	chr4	39359682	HiC_scaffold_4	155509085	1370659	0.8112	2	INS: chr4â†’HiC_scaffold_4, gap size 1,370,659bp at 39,359,682
INS	0	chr4	48206125	HiC_scaffold_4	146655635	1483716	0.8451	2	INS: chr4â†’HiC_scaffold_4, gap size 1,483,716bp at 48,206,125
INS	0	chr4	72871735	HiC_scaffold_4	121802059	1090696	0.7272	2	INS: chr4â†’HiC_scaffold_4, gap size 1,090,696bp at 72,871,735
DEL	0	chr4	80319628	HiC_scaffold_4	114472275	2963560	1.0	2	DEL: chr4â†’HiC_scaffold_4, gap size 2,963,560bp at 80,319,628
INS	0	chr4	84247589	HiC_scaffold_4	112022631	1113224	0.734	2	INS: chr4â†’HiC_scaffold_4, gap size 1,113,224bp at 84,247,589
INS	0	chr4	85814998	HiC_scaffold_4	110434571	1012719	0.7038	2	INS: chr4â†’HiC_scaffold_4, gap size 1,012,719bp at 85,814,998
INS	0	chr4	88329275	HiC_scaffold_4	107836466	1232626	0.7698	2	INS: chr4â†’HiC_scaffold_4, gap size 1,232,626bp at 88,329,275
INS	0	chr4	92534939	HiC_scaffold_4	103464788	2482407	1.0	2	INS: chr4â†’HiC_scaffold_4, gap size 2,482,407bp at 92,534,939
DEL	0	chr4	100558170	HiC_scaffold_4	95401101	1036750	0.711	2	DEL: chr4â†’HiC_scaffold_4, gap size 1,036,750bp at 100,558,170
INS	0	chr4	152980751	HiC_scaffold_4	42700439	1543833	0.8631	2	INS: chr4â†’HiC_scaffold_4, gap size 1,543,833bp at 152,980,751
INS	0	chr4	161672907	HiC_scaffold_4	34020925	1175343	0.7526	2	INS: chr4â†’HiC_scaffold_4, gap size 1,175,343bp at 161,672,907
INS	0	chr4	186786342	HiC_scaffold_4	8665088	2313262	1.0	2	INS: chr4â†’HiC_scaffold_4, gap size 2,313,262bp at 186,786,342
INS	0	chr4	189030212	HiC_scaffold_4	6337912	1574018	0.8722	2	INS: chr4â†’HiC_scaffold_4, gap size 1,574,018bp at 189,030,212
INS	0	chr5	3388145	HiC_scaffold_5	3532207	1671874	0.9016	2	INS: chr5â†’HiC_scaffold_5, gap size 1,671,874bp at 3,388,145
INS	0	chr5	6077079	HiC_scaffold_5	6264872	1366510	0.81	2	INS: chr5â†’HiC_scaffold_5, gap size 1,366,510bp at 6,077,079
INS	0	chr5	9287722	HiC_scaffold_5	9492840	1027675	0.7083	2	INS: chr5â†’HiC_scaffold_5, gap size 1,027,675bp at 9,287,722
DEL	0	chr5	11214986	HiC_scaffold_5	11493830	1469825	0.8409	2	DEL: chr5â†’HiC_scaffold_5, gap size 1,469,825bp at 11,214,986
INS	0	chr5	13560514	HiC_scaffold_5	13828217	1576267	0.8729	2	INS: chr5â†’HiC_scaffold_5, gap size 1,576,267bp at 13,560,514
INS	0	chr5	15107710	HiC_scaffold_5	15424982	1159747	0.7479	2	INS: chr5â†’HiC_scaffold_5, gap size 1,159,747bp at 15,107,710
INS	0	chr5	16658228	HiC_scaffold_5	16974842	1971798	0.9915	2	INS: chr5â†’HiC_scaffold_5, gap size 1,971,798bp at 16,658,228
INS	0	chr5	21741936	HiC_scaffold_5	22083922	1539265	0.8618	2	INS: chr5â†’HiC_scaffold_5, gap size 1,539,265bp at 21,741,936
INS	0	chr5	30459281	HiC_scaffold_5	30902086	1032634	0.7098	2	INS: chr5â†’HiC_scaffold_5, gap size 1,032,634bp at 30,459,281
DEL	0	chr5	35064276	HiC_scaffold_5	35609291	1408752	0.8226	2	DEL: chr5â†’HiC_scaffold_5, gap size 1,408,752bp at 35,064,276
DEL	0	chr5	41262854	HiC_scaffold_5	41874448	1321188	0.7964	2	DEL: chr5â†’HiC_scaffold_5, gap size 1,321,188bp at 41,262,854
INS	0	chr5	42720388	HiC_scaffold_5	43331660	1145502	0.7437	2	INS: chr5â†’HiC_scaffold_5, gap size 1,145,502bp at 42,720,388
INS	0	chr5	49164461	HiC_scaffold_5	50000119	1408258	0.8225	2	INS: chr5â†’HiC_scaffold_5, gap size 1,408,258bp at 49,164,461
INS	0	chr5	85661582	HiC_scaffold_5	86967031	2007225	1.0	2	INS: chr5â†’HiC_scaffold_5, gap size 2,007,225bp at 85,661,582
INS	0	chr5	93160267	HiC_scaffold_5	94496718	1431118	0.8293	2	INS: chr5â†’HiC_scaffold_5, gap size 1,431,118bp at 93,160,267
INS	0	chr5	95742875	HiC_scaffold_5	97081342	1388447	0.8165	2	INS: chr5â†’HiC_scaffold_5, gap size 1,388,447bp at 95,742,875
INS	0	chr5	99999151	HiC_scaffold_5	101416313	3591522	1.0	2	INS: chr5â†’HiC_scaffold_5, gap size 3,591,522bp at 99,999,151
INS	0	chr5	101906692	HiC_scaffold_5	106780417	1003802	0.7011	2	INS: chr5â†’HiC_scaffold_5, gap size 1,003,802bp at 101,906,692
DEL	0	chr5	104032845	HiC_scaffold_5	108923645	3717080	1.0	2	DEL: chr5â†’HiC_scaffold_5, gap size 3,717,080bp at 104,032,845
DEL	0	chr5	109548466	HiC_scaffold_5	113757821	1340378	0.8021	2	DEL: chr5â†’HiC_scaffold_5, gap size 1,340,378bp at 109,548,466
INS	0	chr5	110903857	HiC_scaffold_5	115111767	1234773	0.7704	2	INS: chr5â†’HiC_scaffold_5, gap size 1,234,773bp at 110,903,857
DEL	0	chr5	152541196	HiC_scaffold_5	156899646	1285911	0.7858	2	DEL: chr5â†’HiC_scaffold_5, gap size 1,285,911bp at 152,541,196
DEL	0	chr5	154816885	HiC_scaffold_5	159161242	1382562	0.8148	2	DEL: chr5â†’HiC_scaffold_5, gap size 1,382,562bp at 154,816,885
DEL	0	chr5	177574791	HiC_scaffold_5	182306858	1054504	0.7164	2	DEL: chr5â†’HiC_scaffold_5, gap size 1,054,504bp at 177,574,791
DEL	0	chr5	180101052	HiC_scaffold_5	184844357	1288911	0.7867	2	DEL: chr5â†’HiC_scaffold_5, gap size 1,288,911bp at 180,101,052
INS	0	chr5	184081735	HiC_scaffold_5	188883964	1319636	0.7959	2	INS: chr5â†’HiC_scaffold_5, gap size 1,319,636bp at 184,081,735
INS	0	chr5	185356246	HiC_scaffold_5	190221605	2124590	1.0	2	INS: chr5â†’HiC_scaffold_5, gap size 2,124,590bp at 185,356,246
DEL	0	chr6	5094184	HiC_scaffold_7	159741415	1743076	0.9229	2	DEL: chr6â†’HiC_scaffold_7, gap size 1,743,076bp at 5,094,184
INS	0	chr6	6912355	HiC_scaffold_7	157922906	1612241	0.8837	2	INS: chr6â†’HiC_scaffold_7, gap size 1,612,241bp at 6,912,355
INS	0	chr6	11875640	HiC_scaffold_7	152935326	1273106	0.7819	2	INS: chr6â†’HiC_scaffold_7, gap size 1,273,106bp at 11,875,640
INS	0	chr6	14504202	HiC_scaffold_7	150272527	1067106	0.7201	2	INS: chr6â†’HiC_scaffold_7, gap size 1,067,106bp at 14,504,202
DEL	0	chr6	17014806	HiC_scaffold_7	147729652	1283496	0.785	2	DEL: chr6â†’HiC_scaffold_7, gap size 1,283,496bp at 17,014,806
INS	0	chr6	42928104	HiC_scaffold_7	121673517	1127409	0.7382	2	INS: chr6â†’HiC_scaffold_7, gap size 1,127,409bp at 42,928,104
INS	0	chr6	50805968	HiC_scaffold_7	113741798	1068976	0.7207	2	INS: chr6â†’HiC_scaffold_7, gap size 1,068,976bp at 50,805,968
INS	0	chr6	56784255	HiC_scaffold_7	107629006	1011247	0.7034	2	INS: chr6â†’HiC_scaffold_7, gap size 1,011,247bp at 56,784,255
INS	0	chr6	83679088	HiC_scaffold_7	80147590	1750839	0.9253	2	INS: chr6â†’HiC_scaffold_7, gap size 1,750,839bp at 83,679,088
INS	0	chr6	94415889	HiC_scaffold_7	68888548	1985423	0.9956	2	INS: chr6â†’HiC_scaffold_7, gap size 1,985,423bp at 94,415,889
INS	0	chr6	104368936	HiC_scaffold_7	58490689	6505089	1.0	2	INS: chr6â†’HiC_scaffold_7, gap size 6,505,089bp at 104,368,936
DEL	0	chr6	110538763	HiC_scaffold_7	47908244	1486967	0.8461	2	DEL: chr6â†’HiC_scaffold_7, gap size 1,486,967bp at 110,538,763
DEL	0	chr6	114422167	HiC_scaffold_7	45205361	1159054	0.7477	2	DEL: chr6â†’HiC_scaffold_7, gap size 1,159,054bp at 114,422,167
INV	0	chr6	116415975	HiC_scaffold_7	37143999	2589194	1.0	16	INV: chr6â†’HiC_scaffold_7, 16 blocks, coord_span=2,589,194bp, strand=+
INS	0	chr6	119005169	HiC_scaffold_7	39720417	2765245	1.0	2	INS: chr6â†’HiC_scaffold_7, gap size 2,765,245bp at 119,005,169
INS	0	chr6	128142028	HiC_scaffold_7	29807846	1210738	0.7632	2	INS: chr6â†’HiC_scaffold_7, gap size 1,210,738bp at 128,142,028
DEL	0	chr6	129501458	HiC_scaffold_7	28417934	1511554	0.8535	2	DEL: chr6â†’HiC_scaffold_7, gap size 1,511,554bp at 129,501,458
DEL	0	chr6	131027834	HiC_scaffold_7	26909910	1202896	0.7609	2	DEL: chr6â†’HiC_scaffold_7, gap size 1,202,896bp at 131,027,834
INS	0	chr6	135006715	HiC_scaffold_7	22951587	1128498	0.7385	2	INS: chr6â†’HiC_scaffold_7, gap size 1,128,498bp at 135,006,715
INS	0	chr6	136147588	HiC_scaffold_7	21807703	2122750	1.0	2	INS: chr6â†’HiC_scaffold_7, gap size 2,122,750bp at 136,147,588
INS	0	chr6	138238449	HiC_scaffold_7	19671485	1722113	0.9166	2	INS: chr6â†’HiC_scaffold_7, gap size 1,722,113bp at 138,238,449
DEL	0	chr6	142915315	HiC_scaffold_12	70123842	1788509	0.9366	2	DEL: chr6â†’HiC_scaffold_12, gap size 1,788,509bp at 142,915,315
INS	0	chr6	148265917	HiC_scaffold_12	75521877	2279169	1.0	2	INS: chr6â†’HiC_scaffold_12, gap size 2,279,169bp at 148,265,917
DEL	0	chr6	151015421	HiC_scaffold_12	78294134	1593551	0.8781	2	DEL: chr6â†’HiC_scaffold_12, gap size 1,593,551bp at 151,015,421
INS	0	chr6	153154131	HiC_scaffold_12	80430697	1491357	0.8474	2	INS: chr6â†’HiC_scaffold_12, gap size 1,491,357bp at 153,154,131
INS	0	chr6	155477994	HiC_scaffold_12	82836612	1774456	0.9323	2	INS: chr6â†’HiC_scaffold_12, gap size 1,774,456bp at 155,477,994
INS	0	chr6	157815758	HiC_scaffold_12	85191415	1925120	0.9775	2	INS: chr6â†’HiC_scaffold_12, gap size 1,925,120bp at 157,815,758
DEL	0	chr6	159316465	HiC_scaffold_12	87543193	1232128	0.7696	2	DEL: chr6â†’HiC_scaffold_12, gap size 1,232,128bp at 159,316,465
FRAG_INV	0	chr6	160548593	HiC_scaffold_12	89386571	1379617	0.565	7	FRAG_INV: chr6â†’HiC_scaffold_12, 7 reverse-orientation blocks, coord_span=1,379,617bp, aln_sum=119,475bp, strand=-
INS	0	chr6	161928210	HiC_scaffold_12	88024951	5683745	1.0	2	INS: chr6â†’HiC_scaffold_12, gap size 5,683,745bp at 161,928,210
INS	0	chr6	164198029	HiC_scaffold_12	94111325	1985547	0.9957	2	INS: chr6â†’HiC_scaffold_12, gap size 1,985,547bp at 164,198,029
INS	0	chr6	166785894	HiC_scaffold_12	96777153	2601363	1.0	2	INS: chr6â†’HiC_scaffold_12, gap size 2,601,363bp at 166,785,894
INS	0	chr6	169984746	HiC_scaffold_12	100167776	1665142	0.8995	2	INS: chr6â†’HiC_scaffold_12, gap size 1,665,142bp at 169,984,746
DEL	0	chr6	172955778	HiC_scaffold_12	103173453	3143816	1.0	2	DEL: chr6â†’HiC_scaffold_12, gap size 3,143,816bp at 172,955,778
INS	0	chr6	176201742	HiC_scaffold_12	106416644	2100187	1.0	2	INS: chr6â†’HiC_scaffold_12, gap size 2,100,187bp at 176,201,742
INS	0	chr7	3024992	HiC_scaffold_1	252683422	3062777	1.0	2	INS: chr7â†’HiC_scaffold_1, gap size 3,062,777bp at 3,024,992
INS	0	chr7	6921190	HiC_scaffold_1	248746375	1082506	0.7248	2	INS: chr7â†’HiC_scaffold_1, gap size 1,082,506bp at 6,921,190
INS	0	chr7	8984364	HiC_scaffold_1	246614492	1565273	0.8696	2	INS: chr7â†’HiC_scaffold_1, gap size 1,565,273bp at 8,984,364
INS	0	chr7	11403420	HiC_scaffold_1	244129309	1268271	0.7805	2	INS: chr7â†’HiC_scaffold_1, gap size 1,268,271bp at 11,403,420
INS	0	chr7	35758232	HiC_scaffold_1	218933269	1969603	0.9909	2	INS: chr7â†’HiC_scaffold_1, gap size 1,969,603bp at 35,758,232
INS	0	chr7	38107008	HiC_scaffold_1	216498566	1278877	0.7837	2	INS: chr7â†’HiC_scaffold_1, gap size 1,278,877bp at 38,107,008
INS	0	chr7	53503472	HiC_scaffold_1	200353601	1128301	0.7385	2	INS: chr7â†’HiC_scaffold_1, gap size 1,128,301bp at 53,503,472
DEL	0	chr7	54650250	HiC_scaffold_1	199206874	2181710	1.0	2	DEL: chr7â†’HiC_scaffold_1, gap size 2,181,710bp at 54,650,250
INS	0	chr7	60011168	HiC_scaffold_1	193810654	1131426	0.7394	2	INS: chr7â†’HiC_scaffold_1, gap size 1,131,426bp at 60,011,168
INS	0	chr7	66293678	HiC_scaffold_1	187390109	7369256	1.0	2	INS: chr7â†’HiC_scaffold_1, gap size 7,369,256bp at 66,293,678
INS	0	chr7	69371958	HiC_scaffold_1	178638953	1916847	0.9751	2	INS: chr7â†’HiC_scaffold_1, gap size 1,916,847bp at 69,371,958
INS	0	chr7	71795711	HiC_scaffold_1	176196813	1280942	0.7843	2	INS: chr7â†’HiC_scaffold_1, gap size 1,280,942bp at 71,795,711
DEL	0	chr7	74953615	HiC_scaffold_1	173070840	2151589	1.0	2	DEL: chr7â†’HiC_scaffold_1, gap size 2,151,589bp at 74,953,615
INS	0	chr7	77853007	HiC_scaffold_1	170172795	3850061	1.0	2	INS: chr7â†’HiC_scaffold_1, gap size 3,850,061bp at 77,853,007
DEL	0	chr7	81706780	HiC_scaffold_1	166307361	4017669	1.0	2	DEL: chr7â†’HiC_scaffold_1, gap size 4,017,669bp at 81,706,780
FUSION	0	chr7	91723754	HiC_scaffold_12	66390041	10159583	1.0	532	FUSION: chr7 switches HiC_scaffold_1â†’HiC_scaffold_12 at 91,723,754; support=260+272 blocks, aln_sum=10,159,583bp, partner_ratio=1.000
INS	0	chr7	92818489	HiC_scaffold_12	65332245	1722638	0.9168	2	INS: chr7â†’HiC_scaffold_12, gap size 1,722,638bp at 92,818,489
INS	0	chr7	115793823	HiC_scaffold_12	42235616	1339198	0.8018	2	INS: chr7â†’HiC_scaffold_12, gap size 1,339,198bp at 115,793,823
INS	0	chr7	129680795	HiC_scaffold_12	28222171	1103407	0.731	2	INS: chr7â†’HiC_scaffold_12, gap size 1,103,407bp at 129,680,795
INS	0	chr7	134956908	HiC_scaffold_12	22792091	1736516	0.921	2	INS: chr7â†’HiC_scaffold_12, gap size 1,736,516bp at 134,956,908
INS	0	chr7	138096603	HiC_scaffold_12	19541403	1893578	0.9681	2	INS: chr7â†’HiC_scaffold_12, gap size 1,893,578bp at 138,096,603
DEL	0	chr7	147574134	HiC_scaffold_12	9852347	1031948	0.7096	2	DEL: chr7â†’HiC_scaffold_12, gap size 1,031,948bp at 147,574,134
INS	0	chr7	150400767	HiC_scaffold_12	6943677	1821610	0.9465	2	INS: chr7â†’HiC_scaffold_12, gap size 1,821,610bp at 150,400,767
INS	0	chr7	152209865	HiC_scaffold_12	5100710	2121359	1.0	2	INS: chr7â†’HiC_scaffold_12, gap size 2,121,359bp at 152,209,865
DEL	0	chr8	8994499	HiC_scaffold_8	140961539	1222072	0.7666	2	DEL: chr8â†’HiC_scaffold_8, gap size 1,222,072bp at 8,994,499
DEL	0	chr8	12784325	HiC_scaffold_8	137128260	5695904	1.0	2	DEL: chr8â†’HiC_scaffold_8, gap size 5,695,904bp at 12,784,325
INV	0	chr8	19133017	HiC_scaffold_8	118984362	13639115	1.0	35	INV: chr8â†’HiC_scaffold_8, 35 blocks, coord_span=13,639,115bp, strand=+
INS	0	chr8	23902792	HiC_scaffold_8	123706261	1250329	0.7751	2	INS: chr8â†’HiC_scaffold_8, gap size 1,250,329bp at 23,902,792
DEL	0	chr8	25280023	HiC_scaffold_8	125110884	1225886	0.7678	2	DEL: chr8â†’HiC_scaffold_8, gap size 1,225,886bp at 25,280,023
DEL	0	chr8	26823971	HiC_scaffold_8	126658985	1044787	0.7134	2	DEL: chr8â†’HiC_scaffold_8, gap size 1,044,787bp at 26,823,971
INS	0	chr8	27953721	HiC_scaffold_8	127738580	1789319	0.9368	2	INS: chr8â†’HiC_scaffold_8, gap size 1,789,319bp at 27,953,721
INS	0	chr8	29438566	HiC_scaffold_8	129886773	1107401	0.7322	2	INS: chr8â†’HiC_scaffold_8, gap size 1,107,401bp at 29,438,566
INS	0	chr8	31476101	HiC_scaffold_8	132011732	1371228	0.8114	2	INS: chr8â†’HiC_scaffold_8, gap size 1,371,228bp at 31,476,101
INS	0	chr8	32772132	HiC_scaffold_8	133382960	16246295	1.0	2	INS: chr8â†’HiC_scaffold_8, gap size 16,246,295bp at 32,772,132
INS	0	chr8	34426019	HiC_scaffold_8	117122815	1043011	0.7129	2	INS: chr8â†’HiC_scaffold_8, gap size 1,043,011bp at 34,426,019
DEL	0	chr8	36035085	HiC_scaffold_8	115493319	1500214	0.8501	2	DEL: chr8â†’HiC_scaffold_8, gap size 1,500,214bp at 36,035,085
DEL	0	chr8	45255565	HiC_scaffold_8	106235479	1656591	0.897	2	DEL: chr8â†’HiC_scaffold_8, gap size 1,656,591bp at 45,255,565
INS	0	chr8	46925862	HiC_scaffold_8	104585546	1325560	0.7977	2	INS: chr8â†’HiC_scaffold_8, gap size 1,325,560bp at 46,925,862
DEL	0	chr8	56546860	HiC_scaffold_8	94706701	1142510	0.7428	2	DEL: chr8â†’HiC_scaffold_8, gap size 1,142,510bp at 56,546,860
DEL	0	chr8	66846852	HiC_scaffold_8	84176652	1452755	0.8358	2	DEL: chr8â†’HiC_scaffold_8, gap size 1,452,755bp at 66,846,852
INS	0	chr8	74775041	HiC_scaffold_8	76184421	1558768	0.8676	2	INS: chr8â†’HiC_scaffold_8, gap size 1,558,768bp at 74,775,041
INS	0	chr8	86956448	HiC_scaffold_8	63523867	1069470	0.7208	2	INS: chr8â†’HiC_scaffold_8, gap size 1,069,470bp at 86,956,448
FRAG_INV	0	chr8	98823477	HiC_scaffold_11	5235021	17427	0.295	1	FRAG_INV: chr8â†’HiC_scaffold_11, 1 reverse-orientation blocks, coord_span=17,081bp, aln_sum=17,427bp, strand=-
INS	0	chr8	98840558	HiC_scaffold_11	5252243	1167101	0.7501	2	INS: chr8â†’HiC_scaffold_11, gap size 1,167,101bp at 98,840,558
DEL	0	chr8	112348592	HiC_scaffold_8	37732727	1342336	0.8027	2	DEL: chr8â†’HiC_scaffold_8, gap size 1,342,336bp at 112,348,592
INS	0	chr8	118400438	HiC_scaffold_8	31305789	1351632	0.8055	2	INS: chr8â†’HiC_scaffold_8, gap size 1,351,632bp at 118,400,438
DEL	0	chr8	120277886	HiC_scaffold_8	29429082	1140050	0.742	2	DEL: chr8â†’HiC_scaffold_8, gap size 1,140,050bp at 120,277,886
DEL	0	chr8	128411787	HiC_scaffold_8	21275385	2331375	1.0	2	DEL: chr8â†’HiC_scaffold_8, gap size 2,331,375bp at 128,411,787
INS	0	chr8	133103204	HiC_scaffold_8	16585318	1496476	0.8489	2	INS: chr8â†’HiC_scaffold_8, gap size 1,496,476bp at 133,103,204
DEL	0	chr8	137990523	HiC_scaffold_8	11626374	1758014	0.9274	2	DEL: chr8â†’HiC_scaffold_8, gap size 1,758,014bp at 137,990,523
INS	0	chr8	139763750	HiC_scaffold_8	9870763	1139815	0.7419	2	INS: chr8â†’HiC_scaffold_8, gap size 1,139,815bp at 139,763,750
INS	0	chr8	142935995	HiC_scaffold_8	6640850	1392227	0.8177	2	INS: chr8â†’HiC_scaffold_8, gap size 1,392,227bp at 142,935,995
INS	0	chr9	5793236	HiC_scaffold_9	17837373	1807771	0.9423	2	INS: chr9â†’HiC_scaffold_9, gap size 1,807,771bp at 5,793,236
DEL	0	chr9	9387992	HiC_scaffold_9	21412717	1328497	0.7985	2	DEL: chr9â†’HiC_scaffold_9, gap size 1,328,497bp at 9,387,992
INS	0	chr9	11797445	HiC_scaffold_9	23773376	1101445	0.7304	2	INS: chr9â†’HiC_scaffold_9, gap size 1,101,445bp at 11,797,445
DEL	0	chr9	13202544	HiC_scaffold_9	25181292	1492897	0.8479	2	DEL: chr9â†’HiC_scaffold_9, gap size 1,492,897bp at 13,202,544
DEL	0	chr9	21287278	HiC_scaffold_9	33252295	1160039	0.748	2	DEL: chr9â†’HiC_scaffold_9, gap size 1,160,039bp at 21,287,278
DEL	0	chr9	27728716	HiC_scaffold_9	39550130	1236245	0.7709	2	DEL: chr9â†’HiC_scaffold_9, gap size 1,236,245bp at 27,728,716
DEL	0	chr9	29490692	HiC_scaffold_9	41279312	2978265	1.0	2	DEL: chr9â†’HiC_scaffold_9, gap size 2,978,265bp at 29,490,692
INS	0	chr9	32689976	HiC_scaffold_9	42176665	1273635	0.7821	2	INS: chr9â†’HiC_scaffold_9, gap size 1,273,635bp at 32,689,976
DEL	0	chr9	35675962	HiC_scaffold_9	45186567	1340101	0.802	2	DEL: chr9â†’HiC_scaffold_9, gap size 1,340,101bp at 35,675,962
INS	0	chr9	39344898	HiC_scaffold_9	48907431	4321071	1.0	2	INS: chr9â†’HiC_scaffold_9, gap size 4,321,071bp at 39,344,898
INS	0	chr9	45968917	HiC_scaffold_9	59475933	1182108	0.7546	2	INS: chr9â†’HiC_scaffold_9, gap size 1,182,108bp at 45,968,917
DEL	0	chr9	51569132	HiC_scaffold_9	65213259	1063949	0.7192	2	DEL: chr9â†’HiC_scaffold_9, gap size 1,063,949bp at 51,569,132
INS	0	chr9	58191825	HiC_scaffold_9	71865665	1614071	0.8842	2	INS: chr9â†’HiC_scaffold_9, gap size 1,614,071bp at 58,191,825
INS	0	chr9	59820486	HiC_scaffold_9	73495451	1995012	0.9985	2	INS: chr9â†’HiC_scaffold_9, gap size 1,995,012bp at 59,820,486
INS	0	chr9	82827464	HiC_scaffold_9	96743129	1106716	0.732	2	INS: chr9â†’HiC_scaffold_9, gap size 1,106,716bp at 82,827,464
INS	0	chr9	90333897	HiC_scaffold_9	104281176	1194111	0.7582	2	INS: chr9â†’HiC_scaffold_9, gap size 1,194,111bp at 90,333,897
DEL	0	chr9	137023588	HiC_scaffold_9	151646428	2029271	1.0	2	DEL: chr9â†’HiC_scaffold_9, gap size 2,029,271bp at 137,023,588
INS	0	chr9	139384113	HiC_scaffold_9	154014283	1124069	0.7372	2	INS: chr9â†’HiC_scaffold_9, gap size 1,124,069bp at 139,384,113
DEL	0	chr9	142189981	HiC_scaffold_9	156816472	1099326	0.7298	2	DEL: chr9â†’HiC_scaffold_9, gap size 1,099,326bp at 142,189,981
INS	0	chr10	1472433	HiC_scaffold_10	1665204	3407109	1.0	2	INS: chr10â†’HiC_scaffold_10, gap size 3,407,109bp at 1,472,433
INS	0	chr10	5077673	HiC_scaffold_10	5448019	1325079	0.7975	2	INS: chr10â†’HiC_scaffold_10, gap size 1,325,079bp at 5,077,673
INS	0	chr10	7343788	HiC_scaffold_10	7768918	1927735	0.9783	2	INS: chr10â†’HiC_scaffold_10, gap size 1,927,735bp at 7,343,788
INS	0	chr10	11159997	HiC_scaffold_10	11709829	1317925	0.7954	2	INS: chr10â†’HiC_scaffold_10, gap size 1,317,925bp at 11,159,997
INS	0	chr10	18151697	HiC_scaffold_10	19006940	3585580	1.0	2	INS: chr10â†’HiC_scaffold_10, gap size 3,585,580bp at 18,151,697
DEL	0	chr10	75003269	HiC_scaffold_10	76655901	1224644	0.7674	2	DEL: chr10â†’HiC_scaffold_10, gap size 1,224,644bp at 75,003,269
DEL	0	chr10	77513359	HiC_scaffold_10	79120084	2492063	1.0	2	DEL: chr10â†’HiC_scaffold_10, gap size 2,492,063bp at 77,513,359
INV	0	chr10	80005422	HiC_scaffold_10	88799378	9275672	1.0	35	INV: chr10â†’HiC_scaffold_10, 35 blocks, coord_span=9,275,672bp, strand=-
INS	0	chr10	82285017	HiC_scaffold_10	86581943	1373474	0.812	2	INS: chr10â†’HiC_scaffold_10, gap size 1,373,474bp at 82,285,017
INS	0	chr10	86325003	HiC_scaffold_10	82447245	1036088	0.7108	2	INS: chr10â†’HiC_scaffold_10, gap size 1,036,088bp at 86,325,003
INS	0	chr10	89281094	HiC_scaffold_10	79515354	11402154	1.0	2	INS: chr10â†’HiC_scaffold_10, gap size 11,402,154bp at 89,281,094
INS	0	chr10	92931871	HiC_scaffold_10	93705668	1155000	0.7465	2	INS: chr10â†’HiC_scaffold_10, gap size 1,155,000bp at 92,931,871
INS	0	chr10	104630960	HiC_scaffold_10	105616022	1373044	0.8119	2	INS: chr10â†’HiC_scaffold_10, gap size 1,373,044bp at 104,630,960
DEL	0	chr10	110094929	HiC_scaffold_10	111193112	1408021	0.8224	2	DEL: chr10â†’HiC_scaffold_10, gap size 1,408,021bp at 110,094,929
DEL	0	chr10	111520061	HiC_scaffold_10	112585692	1302909	0.7909	2	DEL: chr10â†’HiC_scaffold_10, gap size 1,302,909bp at 111,520,061
FRAG_INV	0	chr10	112822970	HiC_scaffold_10	114707108	550619	0.43	4	FRAG_INV: chr10â†’HiC_scaffold_10, 4 reverse-orientation blocks, coord_span=550,619bp, aln_sum=74,241bp, strand=-
INS	0	chr10	113373589	HiC_scaffold_10	114184232	2982545	1.0	2	INS: chr10â†’HiC_scaffold_10, gap size 2,982,545bp at 113,373,589
INS	0	chr10	116490061	HiC_scaffold_10	117777505	1806160	0.9418	2	INS: chr10â†’HiC_scaffold_10, gap size 1,806,160bp at 116,490,061
INS	0	chr10	126363509	HiC_scaffold_10	127901469	1113405	0.734	2	INS: chr10â†’HiC_scaffold_10, gap size 1,113,405bp at 126,363,509
INS	0	chr10	127981187	HiC_scaffold_10	129524303	1099604	0.7299	2	INS: chr10â†’HiC_scaffold_10, gap size 1,099,604bp at 127,981,187
INS	0	chr10	129096079	HiC_scaffold_10	130645904	1479879	0.844	2	INS: chr10â†’HiC_scaffold_10, gap size 1,479,879bp at 129,096,079
INS	0	chr10	130986826	HiC_scaffold_10	132577110	1009561	0.7029	2	INS: chr10â†’HiC_scaffold_10, gap size 1,009,561bp at 130,986,826
INS	0	chr10	132931586	HiC_scaffold_10	134676969	2099380	1.0	2	INS: chr10â†’HiC_scaffold_10, gap size 2,099,380bp at 132,931,586
INS	0	chr11_X	13392021	HiC_scaffold_11	72749979	9187615	1.0	2	INS: chr11_Xâ†’HiC_scaffold_11, gap size 9,187,615bp at 13,392,021
INV	0	chr11_X	14842691	HiC_scaffold_11	81937594	47338556	1.0	295	INV: chr11_Xâ†’HiC_scaffold_11, 295 blocks, coord_span=47,338,556bp, strand=+
DEL	0	chr11_X	15486821	HiC_scaffold_11	82804435	1089111	0.7267	2	DEL: chr11_Xâ†’HiC_scaffold_11, gap size 1,089,111bp at 15,486,821
DEL	0	chr11_X	25140765	HiC_scaffold_11	92075995	1058964	0.7177	2	DEL: chr11_Xâ†’HiC_scaffold_11, gap size 1,058,964bp at 25,140,765
INS	0	chr11_X	34017986	HiC_scaffold_11	48921723	52189149	1.0	2	INS: chr11_Xâ†’HiC_scaffold_11, gap size 52,189,149bp at 34,017,986
DEL	0	chr11_X	39612551	HiC_scaffold_11	106615299	1034718	0.7104	2	DEL: chr11_Xâ†’HiC_scaffold_11, gap size 1,034,718bp at 39,612,551
DEL	0	chr11_X	55197080	HiC_scaffold_11	122481822	2198168	1.0	2	DEL: chr11_Xâ†’HiC_scaffold_11, gap size 2,198,168bp at 55,197,080
DEL	0	chr11_X	58540226	HiC_scaffold_11	125744787	3626284	1.0	2	DEL: chr11_Xâ†’HiC_scaffold_11, gap size 3,626,284bp at 58,540,226
INS	0	chr11_X	62181247	HiC_scaffold_11	129315119	56787260	1.0	2	INS: chr11_Xâ†’HiC_scaffold_11, gap size 56,787,260bp at 62,181,247
INS	0	chr11_X	71453271	HiC_scaffold_11	67328618	1337030	0.8011	2	INS: chr11_Xâ†’HiC_scaffold_11, gap size 1,337,030bp at 71,453,271
INS	0	chr11_X	73661618	HiC_scaffold_11	65055547	2333167	1.0	2	INS: chr11_Xâ†’HiC_scaffold_11, gap size 2,333,167bp at 73,661,618
INS	0	chr11_X	79168992	HiC_scaffold_11	59544155	2191310	1.0	2	INS: chr11_Xâ†’HiC_scaffold_11, gap size 2,191,310bp at 79,168,992
FRAG_INV	0	chr11_X	88250902	HiC_scaffold_11	48831712	32303	0.34	2	FRAG_INV: chr11_Xâ†’HiC_scaffold_11, 2 reverse-orientation blocks, coord_span=15,873bp, aln_sum=32,303bp, strand=+
FRAG_INV	0	chr11_X	89769173	HiC_scaffold_11	48269456	17219	0.295	1	FRAG_INV: chr11_Xâ†’HiC_scaffold_11, 1 reverse-orientation blocks, coord_span=16,473bp, aln_sum=17,219bp, strand=+
INS	0	chr11_X	91897283	HiC_scaffold_11	47029325	1558332	0.8675	2	INS: chr11_Xâ†’HiC_scaffold_11, gap size 1,558,332bp at 91,897,283
DEL	0	chr11_X	112440316	HiC_scaffold_11	25651634	1249754	0.7749	2	DEL: chr11_Xâ†’HiC_scaffold_11, gap size 1,249,754bp at 112,440,316
INS	0	chr11_X	131148696	HiC_scaffold_11	6688955	1608919	0.8827	2	INS: chr11_Xâ†’HiC_scaffold_11, gap size 1,608,919bp at 131,148,696
DEL	0	chr11_X	133940412	HiC_scaffold_11	2622727	1665855	0.8998	2	DEL: chr11_Xâ†’HiC_scaffold_11, gap size 1,665,855bp at 133,940,412
INS	0	chr12	10583872	HiC_scaffold_14	9736868	1097605	0.7293	2	INS: chr12â†’HiC_scaffold_14, gap size 1,097,605bp at 10,583,872
INS	0	chr12	12842338	HiC_scaffold_14	12175032	4963686	1.0	2	INS: chr12â†’HiC_scaffold_14, gap size 4,963,686bp at 12,842,338
INS	0	chr12	17427299	HiC_scaffold_14	17993650	1349042	0.8047	2	INS: chr12â†’HiC_scaffold_14, gap size 1,349,042bp at 17,427,299
INS	0	chr12	21935663	HiC_scaffold_14	22560239	1282629	0.7848	2	INS: chr12â†’HiC_scaffold_14, gap size 1,282,629bp at 21,935,663
INS	0	chr12	24545502	HiC_scaffold_14	25336199	1044566	0.7134	2	INS: chr12â†’HiC_scaffold_14, gap size 1,044,566bp at 24,545,502
INS	0	chr12	36932564	HiC_scaffold_14	38008368	1333112	0.7999	2	INS: chr12â†’HiC_scaffold_14, gap size 1,333,112bp at 36,932,564
INS	0	chr12	38321173	HiC_scaffold_14	39430589	1896399	0.9689	2	INS: chr12â†’HiC_scaffold_14, gap size 1,896,399bp at 38,321,173
INS	0	chr12	40201008	HiC_scaffold_14	41342000	1030862	0.7093	2	INS: chr12â†’HiC_scaffold_14, gap size 1,030,862bp at 40,201,008
DEL	0	chr12	48351834	HiC_scaffold_14	49466073	1148963	0.7447	2	DEL: chr12â†’HiC_scaffold_14, gap size 1,148,963bp at 48,351,834
INS	0	chr12	50497116	HiC_scaffold_14	51683328	1134513	0.7404	2	INS: chr12â†’HiC_scaffold_14, gap size 1,134,513bp at 50,497,116
INS	0	chr12	59658666	HiC_scaffold_14	61549243	1522308	0.8567	2	INS: chr12â†’HiC_scaffold_14, gap size 1,522,308bp at 59,658,666
INS	0	chr12	66531520	HiC_scaffold_14	68514229	3197435	1.0	2	INS: chr12â†’HiC_scaffold_14, gap size 3,197,435bp at 66,531,520
INS	0	chr12	77964836	HiC_scaffold_14	80979496	2629684	1.0	2	INS: chr12â†’HiC_scaffold_14, gap size 2,629,684bp at 77,964,836
INS	0	chr12	81307033	HiC_scaffold_14	84458225	1016916	0.7051	2	INS: chr12â†’HiC_scaffold_14, gap size 1,016,916bp at 81,307,033
DEL	0	chr12	90127785	HiC_scaffold_14	93295692	1322858	0.7969	2	DEL: chr12â†’HiC_scaffold_14, gap size 1,322,858bp at 90,127,785
INS	0	chr12	92543314	HiC_scaffold_14	95696530	1752919	0.9259	2	INS: chr12â†’HiC_scaffold_14, gap size 1,752,919bp at 92,543,314
INS	0	chr12	97193378	HiC_scaffold_14	100493106	1775531	0.9327	2	INS: chr12â†’HiC_scaffold_14, gap size 1,775,531bp at 97,193,378
INS	0	chr12	100238690	HiC_scaffold_14	103589563	1528700	0.8586	2	INS: chr12â†’HiC_scaffold_14, gap size 1,528,700bp at 100,238,690
INS	0	chr12	102643830	HiC_scaffold_14	106018153	1337304	0.8012	2	INS: chr12â†’HiC_scaffold_14, gap size 1,337,304bp at 102,643,830
INS	0	chr12	106383953	HiC_scaffold_14	109922731	1719254	0.9158	2	INS: chr12â†’HiC_scaffold_14, gap size 1,719,254bp at 106,383,953
INS	0	chr13	4587688	HiC_scaffold_13	107130555	3270720	1.0	2	INS: chr13â†’HiC_scaffold_13, gap size 3,270,720bp at 4,587,688
INS	0	chr13	7863456	HiC_scaffold_13	103845350	1180757	0.7542	2	INS: chr13â†’HiC_scaffold_13, gap size 1,180,757bp at 7,863,456
INS	0	chr13	15120697	HiC_scaffold_13	96333887	4832090	1.0	2	INS: chr13â†’HiC_scaffold_13, gap size 4,832,090bp at 15,120,697
INS	0	chr13	20223333	HiC_scaffold_13	88646472	1312864	0.7939	2	INS: chr13â†’HiC_scaffold_13, gap size 1,312,864bp at 20,223,333
INS	0	chr13	24842103	HiC_scaffold_13	84026697	1169986	0.751	2	INS: chr13â†’HiC_scaffold_13, gap size 1,169,986bp at 24,842,103
DEL	0	chr13	27180646	HiC_scaffold_13	81669261	1072023	0.7216	2	DEL: chr13â†’HiC_scaffold_13, gap size 1,072,023bp at 27,180,646
DEL	0	chr13	28411007	HiC_scaffold_13	80453896	1090660	0.7272	2	DEL: chr13â†’HiC_scaffold_13, gap size 1,090,660bp at 28,411,007
DEL	0	chr13	30674283	HiC_scaffold_13	78176387	1035085	0.7105	2	DEL: chr13â†’HiC_scaffold_13, gap size 1,035,085bp at 30,674,283
DEL	0	chr13	31994498	HiC_scaffold_13	76878154	1089790	0.7269	2	DEL: chr13â†’HiC_scaffold_13, gap size 1,089,790bp at 31,994,498
DEL	0	chr13	46108091	HiC_scaffold_13	62719190	1009592	0.7029	2	DEL: chr13â†’HiC_scaffold_13, gap size 1,009,592bp at 46,108,091
INS	0	chr13	54303872	HiC_scaffold_13	54433729	1128414	0.7385	2	INS: chr13â†’HiC_scaffold_13, gap size 1,128,414bp at 54,303,872
INS	0	chr13	61262733	HiC_scaffold_13	47473746	1404893	0.8215	2	INS: chr13â†’HiC_scaffold_13, gap size 1,404,893bp at 61,262,733
INS	0	chr13	76737632	HiC_scaffold_13	31899139	1005815	0.7017	2	INS: chr13â†’HiC_scaffold_13, gap size 1,005,815bp at 76,737,632
DEL	0	chr13	79017956	HiC_scaffold_13	29590383	1063266	0.719	2	DEL: chr13â†’HiC_scaffold_13, gap size 1,063,266bp at 79,017,956
INS	0	chr13	89785817	HiC_scaffold_13	18751455	1149674	0.7449	2	INS: chr13â†’HiC_scaffold_13, gap size 1,149,674bp at 89,785,817
INS	0	chr14	4606939	HiC_scaffold_15	4645152	1481797	0.8445	2	INS: chr14â†’HiC_scaffold_15, gap size 1,481,797bp at 4,606,939
INS	0	chr14	6944190	HiC_scaffold_15	7067242	4490458	1.0	2	INS: chr14â†’HiC_scaffold_15, gap size 4,490,458bp at 6,944,190
INS	0	chr14	12885525	HiC_scaffold_15	13313304	1180864	0.7543	2	INS: chr14â†’HiC_scaffold_15, gap size 1,180,864bp at 12,885,525
INS	0	chr14	15732895	HiC_scaffold_15	16173402	1101623	0.7305	2	INS: chr14â†’HiC_scaffold_15, gap size 1,101,623bp at 15,732,895
INS	0	chr14	19913569	HiC_scaffold_15	20452871	1263468	0.779	2	INS: chr14â†’HiC_scaffold_15, gap size 1,263,468bp at 19,913,569
INS	0	chr14	23853430	HiC_scaffold_15	24527885	1559040	0.8677	2	INS: chr14â†’HiC_scaffold_15, gap size 1,559,040bp at 23,853,430
DEL	0	chr14	36067280	HiC_scaffold_15	36992287	1280217	0.7841	2	DEL: chr14â†’HiC_scaffold_15, gap size 1,280,217bp at 36,067,280
DEL	0	chr14	57245014	HiC_scaffold_15	58515728	2580403	1.0	2	DEL: chr14â†’HiC_scaffold_15, gap size 2,580,403bp at 57,245,014
FRAG_INV	0	chr14	61632911	HiC_scaffold_15	70664898	715536	0.43	4	FRAG_INV: chr14â†’HiC_scaffold_15, 4 reverse-orientation blocks, coord_span=715,536bp, aln_sum=74,248bp, strand=-
INS	0	chr14	63044755	HiC_scaffold_15	66778151	2046237	1.0	2	INS: chr14â†’HiC_scaffold_15, gap size 2,046,237bp at 63,044,755
INS	0	chr14	65355756	HiC_scaffold_15	69145024	2250288	1.0	2	INS: chr14â†’HiC_scaffold_15, gap size 2,250,288bp at 65,355,756
DEL	0	chr14	66695784	HiC_scaffold_15	71830244	1034706	0.7104	2	DEL: chr14â†’HiC_scaffold_15, gap size 1,034,706bp at 66,695,784
DEL	0	chr14	68418481	HiC_scaffold_15	73518236	1998506	0.9996	2	DEL: chr14â†’HiC_scaffold_15, gap size 1,998,506bp at 68,418,481
INS	0	chr14	71956712	HiC_scaffold_15	76314499	1760261	0.9281	2	INS: chr14â†’HiC_scaffold_15, gap size 1,760,261bp at 71,956,712
INS	0	chr14	74721847	HiC_scaffold_15	79110154	1107010	0.7321	2	INS: chr14â†’HiC_scaffold_15, gap size 1,107,010bp at 74,721,847
DEL	0	chr14	75815197	HiC_scaffold_15	80234701	4171657	1.0	2	DEL: chr14â†’HiC_scaffold_15, gap size 4,171,657bp at 75,815,197
INS	0	chr14	82812333	HiC_scaffold_15	87150120	2444351	1.0	2	INS: chr14â†’HiC_scaffold_15, gap size 2,444,351bp at 82,812,333
INS	0	chr14	86631306	HiC_scaffold_15	90987188	1408593	0.8226	2	INS: chr14â†’HiC_scaffold_15, gap size 1,408,593bp at 86,631,306
INS	0	chr14	88051331	HiC_scaffold_15	92410452	1079716	0.7239	2	INS: chr14â†’HiC_scaffold_15, gap size 1,079,716bp at 88,051,331
DEL	0	chr15	12284808	HiC_scaffold_6	15628225	1378654	0.8136	2	DEL: chr15â†’HiC_scaffold_6, gap size 1,378,654bp at 12,284,808
INS	0	chr15	18922358	HiC_scaffold_6	22551129	1925183	0.9776	2	INS: chr15â†’HiC_scaffold_6, gap size 1,925,183bp at 18,922,358
INS	0	chr15	26226408	HiC_scaffold_6	29976992	1120475	0.7361	2	INS: chr15â†’HiC_scaffold_6, gap size 1,120,475bp at 26,226,408
INS	0	chr15	36486060	HiC_scaffold_6	40321000	1547138	0.8641	2	INS: chr15â†’HiC_scaffold_6, gap size 1,547,138bp at 36,486,060
INS	0	chr15	39199561	HiC_scaffold_6	43125998	1294421	0.7883	2	INS: chr15â†’HiC_scaffold_6, gap size 1,294,421bp at 39,199,561
INS	0	chr15	46236960	HiC_scaffold_6	50329167	1706231	0.9119	2	INS: chr15â†’HiC_scaffold_6, gap size 1,706,231bp at 46,236,960
INS	0	chr15	51656178	HiC_scaffold_6	55785911	1222821	0.7668	2	INS: chr15â†’HiC_scaffold_6, gap size 1,222,821bp at 51,656,178
INS	0	chr15	54064869	HiC_scaffold_6	58220016	4314941	1.0	2	INS: chr15â†’HiC_scaffold_6, gap size 4,314,941bp at 54,064,869
INS	0	chr15	61773836	HiC_scaffold_6	66096694	10076931	1.0	2	INS: chr15â†’HiC_scaffold_6, gap size 10,076,931bp at 61,773,836
DEL	0	chr15	74493786	HiC_scaffold_6	86763118	1260935	0.7783	2	DEL: chr15â†’HiC_scaffold_6, gap size 1,260,935bp at 74,493,786
INS	0	chr15	81240749	HiC_scaffold_6	93577877	1007649	0.7023	2	INS: chr15â†’HiC_scaffold_6, gap size 1,007,649bp at 81,240,749
INS	0	chr15	82391229	HiC_scaffold_6	94768112	2069466	1.0	2	INS: chr15â†’HiC_scaffold_6, gap size 2,069,466bp at 82,391,229
INS	0	chr15	85318146	HiC_scaffold_6	97708187	1212850	0.7639	2	INS: chr15â†’HiC_scaffold_6, gap size 1,212,850bp at 85,318,146
DEL	0	chr15	87149331	HiC_scaffold_6	99562633	1715802	0.9147	2	DEL: chr15â†’HiC_scaffold_6, gap size 1,715,802bp at 87,149,331
INS	0	chr15	88879733	HiC_scaffold_6	101252466	1490316	0.8471	2	INS: chr15â†’HiC_scaffold_6, gap size 1,490,316bp at 88,879,733
INS	0	chr16	13217604	HiC_scaffold_16	58370932	1720475	0.9161	2	INS: chr16â†’HiC_scaffold_16, gap size 1,720,475bp at 13,217,604
INS	0	chr16	17328122	HiC_scaffold_16	54215980	1231990	0.7696	2	INS: chr16â†’HiC_scaffold_16, gap size 1,231,990bp at 17,328,122
INS	0	chr16	26397275	HiC_scaffold_16	44851484	2264355	1.0	2	INS: chr16â†’HiC_scaffold_16, gap size 2,264,355bp at 26,397,275
DEL	0	chr16	32880776	HiC_scaffold_16	38267197	1115434	0.7346	2	DEL: chr16â†’HiC_scaffold_16, gap size 1,115,434bp at 32,880,776
INS	0	chr16	36622232	HiC_scaffold_16	34425387	11181546	1.0	2	INS: chr16â†’HiC_scaffold_16, gap size 11,181,546bp at 36,622,232
INS	0	chr16	43834969	HiC_scaffold_16	20118035	1022924	0.7069	2	INS: chr16â†’HiC_scaffold_16, gap size 1,022,924bp at 43,834,969
INS	0	chr16	45017586	HiC_scaffold_16	18887358	1613484	0.884	2	INS: chr16â†’HiC_scaffold_16, gap size 1,613,484bp at 45,017,586
DEL	0	chr16	47557248	HiC_scaffold_16	16326081	1281995	0.7846	2	DEL: chr16â†’HiC_scaffold_16, gap size 1,281,995bp at 47,557,248
INS	0	chr16	48894128	HiC_scaffold_16	15003544	1318956	0.7957	2	INS: chr16â†’HiC_scaffold_16, gap size 1,318,956bp at 48,894,128
INS	0	chr16	50600218	HiC_scaffold_16	13275224	1020488	0.7061	2	INS: chr16â†’HiC_scaffold_16, gap size 1,020,488bp at 50,600,218
DEL	0	chr16	51909486	HiC_scaffold_16	11359061	1555096	0.8665	2	DEL: chr16â†’HiC_scaffold_16, gap size 1,555,096bp at 51,909,486
INS	0	chr16	54064649	HiC_scaffold_16	9246488	1634101	0.8902	2	INS: chr16â†’HiC_scaffold_16, gap size 1,634,101bp at 54,064,649
INS	0	chr16	55650835	HiC_scaffold_16	7598210	1163361	0.749	2	INS: chr16â†’HiC_scaffold_16, gap size 1,163,361bp at 55,650,835
INS	0	chr16	56826537	HiC_scaffold_16	6418612	4566121	1.0	2	INS: chr16â†’HiC_scaffold_16, gap size 4,566,121bp at 56,826,537
INS	1	HiC_scaffold_1	16141678	chr5	16198493	1220889	0.7663	2	INS: HiC_scaffold_1â†’chr5, gap size 1,220,889bp at 16,141,678
DEL	1	HiC_scaffold_1	17578195	chr5	17683632	2130472	1.0	2	DEL: HiC_scaffold_1â†’chr5, gap size 2,130,472bp at 17,578,195
DEL	1	HiC_scaffold_1	21831356	chr5	21933602	1932722	0.9798	2	DEL: HiC_scaffold_1â†’chr5, gap size 1,932,722bp at 21,831,356
INS	1	HiC_scaffold_1	116155368	chr5	116555406	1061309	0.7184	2	INS: HiC_scaffold_1â†’chr5, gap size 1,061,309bp at 116,155,368
DEL	1	HiC_scaffold_1	123382905	chr5	123929946	1003444	0.701	2	DEL: HiC_scaffold_1â†’chr5, gap size 1,003,444bp at 123,382,905
INS	1	HiC_scaffold_1	143805535	chr5	144372782	3883953	1.0	2	INS: HiC_scaffold_1â†’chr5, gap size 3,883,953bp at 143,805,535
INS	1	HiC_scaffold_1	147386447	chr5	149106976	1859285	0.9578	2	INS: HiC_scaffold_1â†’chr5, gap size 1,859,285bp at 147,386,447
INS	1	HiC_scaffold_1	148590265	chr5	151464500	1003059	0.7009	2	INS: HiC_scaffold_1â†’chr5, gap size 1,003,059bp at 148,590,265
FUSION	1	HiC_scaffold_1	167133590	chr13	13652064	73033762	1.0	1009	FUSION: HiC_scaffold_1 switches chr5â†’chr13 at 167,133,590; support=703+306 blocks, aln_sum=73,033,762bp, partner_ratio=0.418
INS	1	HiC_scaffold_1	167192814	chr13	13711450	1999692	0.9999	2	INS: HiC_scaffold_1â†’chr13, gap size 1,999,692bp at 167,192,814
INS	1	HiC_scaffold_1	170895075	chr13	17438978	1511450	0.8534	2	INS: HiC_scaffold_1â†’chr13, gap size 1,511,450bp at 170,895,075
DEL	1	HiC_scaffold_1	180345270	chr13	26950503	6505438	1.0	2	DEL: HiC_scaffold_1â†’chr13, gap size 6,505,438bp at 180,345,270
INS	1	HiC_scaffold_1	193068436	chr13	34468339	1440231	0.8321	2	INS: HiC_scaffold_1â†’chr13, gap size 1,440,231bp at 193,068,436
DEL	1	HiC_scaffold_1	231417676	chr13	73090869	1273785	0.7821	2	DEL: HiC_scaffold_1â†’chr13, gap size 1,273,785bp at 231,417,676
INS	1	HiC_scaffold_1	248680540	chr13	90391286	1383998	0.8152	2	INS: HiC_scaffold_1â†’chr13, gap size 1,383,998bp at 248,680,540
INS	1	HiC_scaffold_2	23273955	chr2	202150796	2959824	1.0	2	INS: HiC_scaffold_2â†’chr2, gap size 2,959,824bp at 23,273,955
INS	1	HiC_scaffold_2	26695780	chr2	198693765	1482569	0.8448	2	INS: HiC_scaffold_2â†’chr2, gap size 1,482,569bp at 26,695,780
INS	1	HiC_scaffold_2	29674942	chr2	194898036	1081765	0.7245	2	INS: HiC_scaffold_2â†’chr2, gap size 1,081,765bp at 29,674,942
DEL	1	HiC_scaffold_2	60905954	chr2	163738938	20237627	1.0	2	DEL: HiC_scaffold_2â†’chr2, gap size 20,237,627bp at 60,905,954
INS	1	HiC_scaffold_2	128468474	chr2	113577021	1942468	0.9827	2	INS: HiC_scaffold_2â†’chr2, gap size 1,942,468bp at 128,468,474
INS	1	HiC_scaffold_2	130965176	chr2	111048136	1577863	0.8734	2	INS: HiC_scaffold_2â†’chr2, gap size 1,577,863bp at 130,965,176
DEL	1	HiC_scaffold_2	144597539	chr2	97377055	1044258	0.7133	2	DEL: HiC_scaffold_2â†’chr2, gap size 1,044,258bp at 144,597,539
INS	1	HiC_scaffold_2	170783894	chr2	71168537	1003091	0.7009	2	INS: HiC_scaffold_2â†’chr2, gap size 1,003,091bp at 170,783,894
INS	1	HiC_scaffold_2	190225009	chr2	51723721	1779565	0.9339	2	INS: HiC_scaffold_2â†’chr2, gap size 1,779,565bp at 190,225,009
DEL	1	HiC_scaffold_2	212473946	chr2	29370404	1161799	0.7485	2	DEL: HiC_scaffold_2â†’chr2, gap size 1,161,799bp at 212,473,946
INS	1	HiC_scaffold_2	217284965	chr2	24535607	1085731	0.7257	2	INS: HiC_scaffold_2â†’chr2, gap size 1,085,731bp at 217,284,965
DEL	1	HiC_scaffold_2	232957004	chr2	8827140	1123952	0.7372	2	DEL: HiC_scaffold_2â†’chr2, gap size 1,123,952bp at 232,957,004
INS	1	HiC_scaffold_2	238032453	chr2	3796834	1455002	0.8365	2	INS: HiC_scaffold_2â†’chr2, gap size 1,455,002bp at 238,032,453
INS	1	HiC_scaffold_3	5558573	chr1	214606823	1185627	0.7557	2	INS: HiC_scaffold_3â†’chr1, gap size 1,185,627bp at 5,558,573
INS	1	HiC_scaffold_3	6808704	chr1	213353985	1027025	0.7081	2	INS: HiC_scaffold_3â†’chr1, gap size 1,027,025bp at 6,808,704
INS	1	HiC_scaffold_3	12159611	chr1	207960802	1231255	0.7694	2	INS: HiC_scaffold_3â†’chr1, gap size 1,231,255bp at 12,159,611
DEL	1	HiC_scaffold_3	60914556	chr1	158445396	6491560	1.0	2	DEL: HiC_scaffold_3â†’chr1, gap size 6,491,560bp at 60,914,556
DEL	1	HiC_scaffold_3	122916084	chr1	100697173	1082808	0.7248	2	DEL: HiC_scaffold_3â†’chr1, gap size 1,082,808bp at 122,916,084
INS	1	HiC_scaffold_3	200296697	chr1	23565192	1723933	0.9172	2	INS: HiC_scaffold_3â†’chr1, gap size 1,723,933bp at 200,296,697
DEL	1	HiC_scaffold_3	215081908	chr1	7946234	1838298	0.9515	2	DEL: HiC_scaffold_3â†’chr1, gap size 1,838,298bp at 215,081,908
INS	1	HiC_scaffold_3	217805354	chr1	5338798	1654565	0.8964	2	INS: HiC_scaffold_3â†’chr1, gap size 1,654,565bp at 217,805,354
INS	1	HiC_scaffold_4	4074696	chr3	194572233	2091963	1.0	2	INS: HiC_scaffold_4â†’chr3, gap size 2,091,963bp at 4,074,696
INS	1	HiC_scaffold_4	41352944	chr3	157263248	1092093	0.7276	2	INS: HiC_scaffold_4â†’chr3, gap size 1,092,093bp at 41,352,944
INS	1	HiC_scaffold_4	103494849	chr3	95070752	1263489	0.779	2	INS: HiC_scaffold_4â†’chr3, gap size 1,263,489bp at 103,494,849
INS	1	HiC_scaffold_4	105851847	chr3	92626296	1967210	0.9902	2	INS: HiC_scaffold_4â†’chr3, gap size 1,967,210bp at 105,851,847
INS	1	HiC_scaffold_4	113124149	chr3	85429506	4417755	1.0	2	INS: HiC_scaffold_4â†’chr3, gap size 4,417,755bp at 113,124,149
INS	1	HiC_scaffold_4	117536971	chr3	77855898	1097855	0.7294	2	INS: HiC_scaffold_4â†’chr3, gap size 1,097,855bp at 117,536,971
DEL	1	HiC_scaffold_4	168580324	chr3	26590644	1169564	0.7509	2	DEL: HiC_scaffold_4â†’chr3, gap size 1,169,564bp at 168,580,324
INS	1	HiC_scaffold_4	169898100	chr3	25289264	2614862	1.0	2	INS: HiC_scaffold_4â†’chr3, gap size 2,614,862bp at 169,898,100
DEL	1	HiC_scaffold_4	173521508	chr3	21655674	2260115	1.0	2	DEL: HiC_scaffold_4â†’chr3, gap size 2,260,115bp at 173,521,508
INS	1	HiC_scaffold_5	6458868	chr4	6474969	1190445	0.7571	2	INS: HiC_scaffold_5â†’chr4, gap size 1,190,445bp at 6,458,868
INS	1	HiC_scaffold_5	9820540	chr4	9844930	1008677	0.7026	2	INS: HiC_scaffold_5â†’chr4, gap size 1,008,677bp at 9,820,540
DEL	1	HiC_scaffold_5	13662916	chr4	13708897	1067320	0.7202	2	DEL: HiC_scaffold_5â†’chr4, gap size 1,067,320bp at 13,662,916
INS	1	HiC_scaffold_5	14778951	chr4	14809215	1115483	0.7346	2	INS: HiC_scaffold_5â†’chr4, gap size 1,115,483bp at 14,778,951
DEL	1	HiC_scaffold_5	20582323	chr4	20616080	1113995	0.7342	2	DEL: HiC_scaffold_5â†’chr4, gap size 1,113,995bp at 20,582,323
INS	1	HiC_scaffold_5	101151746	chr4	101458624	5599478	1.0	2	INS: HiC_scaffold_5â†’chr4, gap size 5,599,478bp at 101,151,746
DEL	1	HiC_scaffold_5	106489192	chr4	108339077	1001993	0.7006	2	DEL: HiC_scaffold_5â†’chr4, gap size 1,001,993bp at 106,489,192
DEL	1	HiC_scaffold_5	109668646	chr4	111477496	2209632	1.0	2	DEL: HiC_scaffold_5â†’chr4, gap size 2,209,632bp at 109,668,646
INS	1	HiC_scaffold_5	113727250	chr4	115070014	1049171	0.7148	2	INS: HiC_scaffold_5â†’chr4, gap size 1,049,171bp at 113,727,250
INS	1	HiC_scaffold_5	186142356	chr4	187537237	1194008	0.7582	2	INS: HiC_scaffold_5â†’chr4, gap size 1,194,008bp at 186,142,356
DEL	1	HiC_scaffold_5	190439404	chr4	191885646	4261755	1.0	2	DEL: HiC_scaffold_5â†’chr4, gap size 4,261,755bp at 190,439,404
DEL	1	HiC_scaffold_6	3677554	chr14	3469364	3778782	1.0	2	DEL: HiC_scaffold_6â†’chr14, gap size 3,778,782bp at 3,677,554
INS	1	HiC_scaffold_6	7510776	chr14	4580082	1565162	0.8695	2	INS: HiC_scaffold_6â†’chr14, gap size 1,565,162bp at 7,510,776
DEL	1	HiC_scaffold_6	9828111	chr14	6911073	1098869	0.7297	2	DEL: HiC_scaffold_6â†’chr14, gap size 1,098,869bp at 9,828,111
INS	1	HiC_scaffold_6	50835540	chr14	47961028	1221136	0.7663	2	INS: HiC_scaffold_6â†’chr14, gap size 1,221,136bp at 50,835,540
INS	1	HiC_scaffold_6	58498027	chr14	55831923	4592625	1.0	2	INS: HiC_scaffold_6â†’chr14, gap size 4,592,625bp at 58,498,027
DEL	1	HiC_scaffold_6	63595235	chr14	60941558	1172985	0.7519	2	DEL: HiC_scaffold_6â†’chr14, gap size 1,172,985bp at 63,595,235
DEL	1	HiC_scaffold_6	65348491	chr14	62693299	10953607	1.0	2	DEL: HiC_scaffold_6â†’chr14, gap size 10,953,607bp at 65,348,491
INS	1	HiC_scaffold_6	94855789	chr14	83126758	1005367	0.7016	2	INS: HiC_scaffold_6â†’chr14, gap size 1,005,367bp at 94,855,789
INS	1	HiC_scaffold_6	98507617	chr14	86816025	2751500	1.0	2	INS: HiC_scaffold_6â†’chr14, gap size 2,751,500bp at 98,507,617
FUSION	1	HiC_scaffold_6	111041480	chr17	4279606	34541114	1.0	512	FUSION: HiC_scaffold_6 switches chr14â†’chr17 at 111,041,480; support=349+163 blocks, aln_sum=34,541,114bp, partner_ratio=0.457
INS	1	HiC_scaffold_6	113221624	chr17	6499477	1537765	0.8613	2	INS: HiC_scaffold_6â†’chr17, gap size 1,537,765bp at 113,221,624
INS	1	HiC_scaffold_6	116014449	chr17	9425824	1154525	0.7464	2	INS: HiC_scaffold_6â†’chr17, gap size 1,154,525bp at 116,014,449
INS	1	HiC_scaffold_6	119474249	chr17	12889791	2658793	1.0	2	INS: HiC_scaffold_6â†’chr17, gap size 2,658,793bp at 119,474,249
INS	1	HiC_scaffold_6	134155389	chr17	29341057	1134984	0.7405	2	INS: HiC_scaffold_6â†’chr17, gap size 1,134,984bp at 134,155,389
INS	1	HiC_scaffold_6	136523316	chr17	31820967	1256973	0.7771	2	INS: HiC_scaffold_6â†’chr17, gap size 1,256,973bp at 136,523,316
INS	1	HiC_scaffold_6	137925717	chr17	33370506	2932424	1.0	2	INS: HiC_scaffold_6â†’chr17, gap size 2,932,424bp at 137,925,717
INS	1	HiC_scaffold_6	146597018	chr17	42263705	1246297	0.7739	2	INS: HiC_scaffold_6â†’chr17, gap size 1,246,297bp at 146,597,018
FRAG_INV	1	HiC_scaffold_6	149467659	chr17	47786862	83900	0.295	1	FRAG_INV: HiC_scaffold_6â†’chr17, 1 reverse-orientation blocks, coord_span=83,075bp, aln_sum=83,900bp, strand=-
INS	1	HiC_scaffold_6	149550734	chr17	47869689	1013964	0.7042	2	INS: HiC_scaffold_6â†’chr17, gap size 1,013,964bp at 149,550,734
FRAG_INV	1	HiC_scaffold_6	150170957	chr17	47115341	48181	0.295	1	FRAG_INV: HiC_scaffold_6â†’chr17, 1 reverse-orientation blocks, coord_span=47,644bp, aln_sum=48,181bp, strand=-
INS	1	HiC_scaffold_6	150218601	chr17	47162755	2427841	1.0	2	INS: HiC_scaffold_6â†’chr17, gap size 2,427,841bp at 150,218,601
DEL	1	HiC_scaffold_6	150218601	chr17	49638010	1803530	0.9411	2	DEL: HiC_scaffold_6â†’chr17, gap size 1,803,530bp at 150,218,601
INS	1	HiC_scaffold_6	163465134	chr17	61871005	2294527	1.0	2	INS: HiC_scaffold_6â†’chr17, gap size 2,294,527bp at 163,465,134
DEL	1	HiC_scaffold_7	39875622	chr6	28421643	3904173	1.0	2	DEL: HiC_scaffold_7â†’chr6, gap size 3,904,173bp at 39,875,622
INS	1	HiC_scaffold_7	52261665	chr6	39242377	7023631	1.0	2	INS: HiC_scaffold_7â†’chr6, gap size 7,023,631bp at 52,261,665
INS	1	HiC_scaffold_7	66589239	chr6	54427767	1457492	0.8372	2	INS: HiC_scaffold_7â†’chr6, gap size 1,457,492bp at 66,589,239
INS	1	HiC_scaffold_7	78447707	chr6	66304434	2122259	1.0	2	INS: HiC_scaffold_7â†’chr6, gap size 2,122,259bp at 78,447,707
DEL	1	HiC_scaffold_7	154824644	chr6	143334673	1041766	0.7125	2	DEL: HiC_scaffold_7â†’chr6, gap size 1,041,766bp at 154,824,644
INS	1	HiC_scaffold_7	156804013	chr6	145316741	1970222	0.9911	2	INS: HiC_scaffold_7â†’chr6, gap size 1,970,222bp at 156,804,013
DEL	1	HiC_scaffold_7	158823215	chr6	147337642	1557241	0.8672	2	DEL: HiC_scaffold_7â†’chr6, gap size 1,557,241bp at 158,823,215
INS	1	HiC_scaffold_8	8944387	chr8	141679703	1047697	0.7143	2	INS: HiC_scaffold_8â†’chr8, gap size 1,047,697bp at 8,944,387
INS	1	HiC_scaffold_8	17572630	chr8	133013445	1070692	0.7212	2	INS: HiC_scaffold_8â†’chr8, gap size 1,070,692bp at 17,572,630
DEL	1	HiC_scaffold_8	75325866	chr8	75510959	1847847	0.9544	2	DEL: HiC_scaffold_8â†’chr8, gap size 1,847,847bp at 75,325,866
INS	1	HiC_scaffold_8	87832414	chr8	62939203	1222492	0.7667	2	INS: HiC_scaffold_8â†’chr8, gap size 1,222,492bp at 87,832,414
INS	1	HiC_scaffold_8	114211522	chr8	36203554	1017728	0.7053	2	INS: HiC_scaffold_8â†’chr8, gap size 1,017,728bp at 114,211,522
DEL	1	HiC_scaffold_8	116842360	chr8	33612024	2114003	1.0	2	DEL: HiC_scaffold_8â†’chr8, gap size 2,114,003bp at 116,842,360
INV	1	HiC_scaffold_8	118956363	chr8	17433304	14706933	1.0	41	INV: HiC_scaffold_8â†’chr8, 41 blocks, coord_span=14,706,933bp, strand=+
DEL	1	HiC_scaffold_8	127118034	chr8	25695578	1634978	0.8905	2	DEL: HiC_scaffold_8â†’chr8, gap size 1,634,978bp at 127,118,034
DEL	1	HiC_scaffold_8	131511326	chr8	29703418	1880111	0.964	2	DEL: HiC_scaffold_8â†’chr8, gap size 1,880,111bp at 131,511,326
INS	1	HiC_scaffold_8	133663296	chr8	31790171	14481071	1.0	2	INS: HiC_scaffold_8â†’chr8, gap size 14,481,071bp at 133,663,296
INS	1	HiC_scaffold_8	144093525	chr8	8818139	1965900	0.9898	2	INS: HiC_scaffold_8â†’chr8, gap size 1,965,900bp at 144,093,525
INS	1	HiC_scaffold_9	16308396	chr7	146870537	1036427	0.7109	2	INS: HiC_scaffold_9â†’chr7, gap size 1,036,427bp at 16,308,396
DEL	1	HiC_scaffold_9	19139389	chr7	143972200	1402783	0.8208	2	DEL: HiC_scaffold_9â†’chr7, gap size 1,402,783bp at 19,139,389
INS	1	HiC_scaffold_9	48907968	chr7	113845274	4362643	1.0	2	INS: HiC_scaffold_9â†’chr7, gap size 4,362,643bp at 48,907,968
DEL	1	HiC_scaffold_9	72343263	chr7	90358816	1616917	0.8851	2	DEL: HiC_scaffold_9â†’chr7, gap size 1,616,917bp at 72,343,263
INS	1	HiC_scaffold_9	151443424	chr7	11380450	1760690	0.9282	2	INS: HiC_scaffold_9â†’chr7, gap size 1,760,690bp at 151,443,424
DEL	1	HiC_scaffold_9	157644435	chr7	5137684	1437685	0.8313	2	DEL: HiC_scaffold_9â†’chr7, gap size 1,437,685bp at 157,644,435
DEL	1	HiC_scaffold_10	266931	chr9	141102811	5131750	1.0	2	DEL: HiC_scaffold_10â†’chr9, gap size 5,131,750bp at 266,931
DEL	1	HiC_scaffold_10	10157472	chr9	131160326	1195079	0.7585	2	DEL: HiC_scaffold_10â†’chr9, gap size 1,195,079bp at 10,157,472
DEL	1	HiC_scaffold_10	88868700	chr9	52411566	1800449	0.9401	2	DEL: HiC_scaffold_10â†’chr9, gap size 1,800,449bp at 88,868,700
INS	1	HiC_scaffold_10	91141340	chr9	50656336	1393882	0.8182	2	INS: HiC_scaffold_10â†’chr9, gap size 1,393,882bp at 91,141,340
DEL	1	HiC_scaffold_10	127583100	chr9	14171350	1072577	0.7218	2	DEL: HiC_scaffold_10â†’chr9, gap size 1,072,577bp at 127,583,100
INS	1	HiC_scaffold_10	130260596	chr9	11493260	1352981	0.8059	2	INS: HiC_scaffold_10â†’chr9, gap size 1,352,981bp at 130,260,596
INS	1	HiC_scaffold_10	134636372	chr9	7091511	1099653	0.7299	2	INS: HiC_scaffold_10â†’chr9, gap size 1,099,653bp at 134,636,372
DEL	1	HiC_scaffold_10	136349721	chr9	5350417	1105870	0.7318	2	DEL: HiC_scaffold_10â†’chr9, gap size 1,105,870bp at 136,349,721
DEL	1	HiC_scaffold_11	750982	chrX	784303	1884591	0.9654	2	DEL: HiC_scaffold_11â†’chrX, gap size 1,884,591bp at 750,982
DEL	1	HiC_scaffold_11	4091225	chrX	4056468	2704048	1.0	2	DEL: HiC_scaffold_11â†’chrX, gap size 2,704,048bp at 4,091,225
INS	1	HiC_scaffold_11	8194214	chrX	7319312	1461129	0.8383	2	INS: HiC_scaffold_11â†’chrX, gap size 1,461,129bp at 8,194,214
DEL	1	HiC_scaffold_11	45549320	chrX	44529032	2034020	1.0	2	DEL: HiC_scaffold_11â†’chrX, gap size 2,034,020bp at 45,549,320
DEL	1	HiC_scaffold_11	63240781	chrX	61476070	1640455	0.8921	2	DEL: HiC_scaffold_11â†’chrX, gap size 1,640,455bp at 63,240,781
INS	1	HiC_scaffold_11	79904742	chrX	78218618	2572410	1.0	2	INS: HiC_scaffold_11â†’chrX, gap size 2,572,410bp at 79,904,742
DEL	1	HiC_scaffold_11	90817366	chrX	89180445	1203169	0.761	2	DEL: HiC_scaffold_11â†’chrX, gap size 1,203,169bp at 90,817,366
DEL	1	HiC_scaffold_11	125941528	chrX	124305619	2559317	1.0	2	DEL: HiC_scaffold_11â†’chrX, gap size 2,559,317bp at 125,941,528
INS	1	HiC_scaffold_11	129388599	chrX	127731394	2591383	1.0	2	INS: HiC_scaffold_11â†’chrX, gap size 2,591,383bp at 129,388,599
DEL	1	HiC_scaffold_12	5111687	chr10	119612746	1047595	0.7143	2	DEL: HiC_scaffold_12â†’chr10, gap size 1,047,595bp at 5,111,687
INS	1	HiC_scaffold_12	22487442	chr10	102257977	1147997	0.7444	2	INS: HiC_scaffold_12â†’chr10, gap size 1,147,997bp at 22,487,442
DEL	1	HiC_scaffold_12	75816039	chr10	48965580	1434545	0.8304	2	DEL: HiC_scaffold_12â†’chr10, gap size 1,434,545bp at 75,816,039
INS	1	HiC_scaffold_12	85125365	chr10	39623938	4806349	1.0	2	INS: HiC_scaffold_12â†’chr10, gap size 4,806,349bp at 85,125,365
DEL	1	HiC_scaffold_12	90708157	chr10	31079230	4915926	1.0	2	DEL: HiC_scaffold_12â†’chr10, gap size 4,915,926bp at 90,708,157
DEL	1	HiC_scaffold_12	96646816	chr10	25249145	1026776	0.708	2	DEL: HiC_scaffold_12â†’chr10, gap size 1,026,776bp at 96,646,816
INS	1	HiC_scaffold_12	97758615	chr10	24140783	1723458	0.917	2	INS: HiC_scaffold_12â†’chr10, gap size 1,723,458bp at 97,758,615
INS	1	HiC_scaffold_12	107477690	chr10	14308645	1039024	0.7117	2	INS: HiC_scaffold_12â†’chr10, gap size 1,039,024bp at 107,477,690
INS	1	HiC_scaffold_12	109983569	chr10	11754563	1471588	0.8415	2	INS: HiC_scaffold_12â†’chr10, gap size 1,471,588bp at 109,983,569
INS	1	HiC_scaffold_13	2795842	chr12	2558925	1542551	0.8628	2	INS: HiC_scaffold_13â†’chr12, gap size 1,542,551bp at 2,795,842
INS	1	HiC_scaffold_13	4366006	chr12	4150067	1121685	0.7365	2	INS: HiC_scaffold_13â†’chr12, gap size 1,121,685bp at 4,366,006
DEL	1	HiC_scaffold_13	6620562	chr12	6436284	1099524	0.7299	2	DEL: HiC_scaffold_13â†’chr12, gap size 1,099,524bp at 6,620,562
INS	1	HiC_scaffold_13	61177006	chr12	60895970	1151146	0.7453	2	INS: HiC_scaffold_13â†’chr12, gap size 1,151,146bp at 61,177,006
INS	1	HiC_scaffold_13	76734613	chr12	76549834	1354656	0.8064	2	INS: HiC_scaffold_13â†’chr12, gap size 1,354,656bp at 76,734,613
DEL	1	HiC_scaffold_13	87389546	chr12	87241030	1258006	0.7774	2	DEL: HiC_scaffold_13â†’chr12, gap size 1,258,006bp at 87,389,546
DEL	1	HiC_scaffold_13	91395055	chr12	91256012	4890931	1.0	2	DEL: HiC_scaffold_13â†’chr12, gap size 4,890,931bp at 91,395,055
INS	1	HiC_scaffold_13	102862959	chr12	101612842	3405204	1.0	2	INS: HiC_scaffold_13â†’chr12, gap size 3,405,204bp at 102,862,959
INS	1	HiC_scaffold_13	107197750	chr12	106056395	2201154	1.0	2	INS: HiC_scaffold_13â†’chr12, gap size 2,201,154bp at 107,197,750
DEL	1	HiC_scaffold_14	13616549	chr11	13749040	2866396	1.0	2	DEL: HiC_scaffold_14â†’chr11, gap size 2,866,396bp at 13,616,549
DEL	1	HiC_scaffold_14	68496519	chr11	68649397	3080948	1.0	2	DEL: HiC_scaffold_14â†’chr11, gap size 3,080,948bp at 68,496,519
DEL	1	HiC_scaffold_14	73592514	chr11	72373770	1123114	0.7369	2	DEL: HiC_scaffold_14â†’chr11, gap size 1,123,114bp at 73,592,514
INS	1	HiC_scaffold_14	81625761	chr11	80532328	2301623	1.0	2	INS: HiC_scaffold_14â†’chr11, gap size 2,301,623bp at 81,625,761
DEL	1	HiC_scaffold_14	108035855	chr11	107315487	2414004	1.0	2	DEL: HiC_scaffold_14â†’chr11, gap size 2,414,004bp at 108,035,855
DEL	1	HiC_scaffold_15	4391728	chr15	4399197	2001140	1.0	2	DEL: HiC_scaffold_15â†’chr15, gap size 2,001,140bp at 4,391,728
DEL	1	HiC_scaffold_15	10078879	chr15	10008862	1460141	0.838	2	DEL: HiC_scaffold_15â†’chr15, gap size 1,460,141bp at 10,078,879
DEL	1	HiC_scaffold_15	54266723	chr15	54136884	1048689	0.7146	2	DEL: HiC_scaffold_15â†’chr15, gap size 1,048,689bp at 54,266,723
DEL	1	HiC_scaffold_15	60299492	chr15	60236198	6412255	1.0	2	DEL: HiC_scaffold_15â†’chr15, gap size 6,412,255bp at 60,299,492
FRAG_INV	1	HiC_scaffold_15	70054281	chr15	65853201	846797	0.475	5	FRAG_INV: HiC_scaffold_15â†’chr15, 5 reverse-orientation blocks, coord_span=846,797bp, aln_sum=439,347bp, strand=-
INS	1	HiC_scaffold_15	70901078	chr15	65203924	1816096	0.9448	2	INS: HiC_scaffold_15â†’chr15, gap size 1,816,096bp at 70,901,078
DEL	1	HiC_scaffold_15	73564879	chr15	69285208	1135785	0.7407	2	DEL: HiC_scaffold_15â†’chr15, gap size 1,135,785bp at 73,564,879
FRAG_INV	1	HiC_scaffold_15	80961766	chr15	77540540	1305947	0.52	6	FRAG_INV: HiC_scaffold_15â†’chr15, 6 reverse-orientation blocks, coord_span=1,305,947bp, aln_sum=347,753bp, strand=-
INS	1	HiC_scaffold_15	82267713	chr15	76375709	1441031	0.8323	2	INS: HiC_scaffold_15â†’chr15, gap size 1,441,031bp at 82,267,713
DEL	1	HiC_scaffold_15	92000511	chr15	87337578	1216797	0.765	2	DEL: HiC_scaffold_15â†’chr15, gap size 1,216,797bp at 92,000,511
INS	1	HiC_scaffold_15	94499620	chr15	89827442	1037397	0.7112	2	INS: HiC_scaffold_15â†’chr15, gap size 1,037,397bp at 94,499,620
INS	1	HiC_scaffold_15	95555061	chr15	90911254	3787312	1.0	2	INS: HiC_scaffold_15â†’chr15, gap size 3,787,312bp at 95,555,061
DEL	1	HiC_scaffold_16	3394938	chr16	64943593	2338229	1.0	2	DEL: HiC_scaffold_16â†’chr16, gap size 2,338,229bp at 3,394,938
DEL	1	HiC_scaffold_16	7777314	chr16	60636616	1365950	0.8098	2	DEL: HiC_scaffold_16â†’chr16, gap size 1,365,950bp at 7,777,314
INS	1	HiC_scaffold_16	9860078	chr16	58605742	2173992	1.0	2	INS: HiC_scaffold_16â†’chr16, gap size 2,173,992bp at 9,860,078
DEL	1	HiC_scaffold_16	13733951	chr16	54687768	1239363	0.7718	2	DEL: HiC_scaffold_16â†’chr16, gap size 1,239,363bp at 13,733,951
DEL	1	HiC_scaffold_16	22398691	chr16	45966636	11546239	1.0	2	DEL: HiC_scaffold_16â†’chr16, gap size 11,546,239bp at 22,398,691
DEL	1	HiC_scaffold_16	43071171	chr16	27687904	1055133	0.7165	2	DEL: HiC_scaffold_16â†’chr16, gap size 1,055,133bp at 43,071,171
INS	1	HiC_scaffold_16	45725270	chr16	25025966	1094190	0.7283	2	INS: HiC_scaffold_16â†’chr16, gap size 1,094,190bp at 45,725,270
INS	1	HiC_scaffold_16	58439528	chr16	12295394	1200241	0.7601	2	INS: HiC_scaffold_16â†’chr16, gap size 1,200,241bp at 58,439,528
DEL	1	HiC_scaffold_16	63765633	chr16	6885372	1284733	0.7854	2	DEL: HiC_scaffold_16â†’chr16, gap size 1,284,733bp at 63,765,633
DEL	1	HiC_scaffold_16	65335855	chr16	5321011	2435164	1.0	2	DEL: HiC_scaffold_16â†’chr16, gap size 2,435,164bp at 65,335,855
